Movie_name,Release_year,Rating,Voting_count,Genre,Run_time,Budget,Runtime_min,Budget_num,Genre_Action,Genre_Drama,Genre_Adventure,Genre_Comedy,Genre_Thriller,Genre_Science_Fiction,Genre_Fantasy,Genre_Family,Genre_Crime,Genre_Romance,Genre_Horror,Genre_Animation,Num_genres,Voting_count_log,Decade,Title_length,Budget_log
Life Is Beautiful,1997,8.4,13846.0,"Comedy, Drama",116 min,"$20,000,000",116.0,20000000.0,0,1,0,1,0,0,0,0,0,0,0,0,2,9.535823881654714,1990,17,16.811242881518265
Cinderella,2015,6.8,7337.0,"Romance, Fantasy, Family, Drama",105 min,"$95,000,000",105.0,95000000.0,0,1,0,0,0,0,1,1,0,1,0,0,4,8.900821604915228,2010,10,18.36938746009113
My Neighbor Totoro,1988,8.1,8672.0,"Fantasy, Animation, Family",86 min,"$3,700,000",86.0,3700000.0,0,0,0,0,0,0,1,1,0,0,0,1,3,9.067970030684457,1980,18,15.123843647884687
Everything Everywhere All at Once,2022,7.7,7735.0,"Action, Adventure, Science Fiction",140 min,"$25,000,000",140.0,25000000.0,1,0,1,0,0,1,0,0,0,0,0,0,3,8.95364003713313,2020,33,17.034386422832473
The Hobbit: The Desolation of Smaug,2013,7.6,13998.0,"Fantasy, Adventure, Action",161 min,"$250,000,000",161.0,250000000.0,1,0,1,0,0,0,1,0,0,0,0,0,3,9.546741177474825,2010,35,19.33697147982652
Downton Abbey: A New Era,2022,7.2,596.0,"Drama, Romance",124 min,"$40,000,000",124.0,40000000.0,0,1,0,0,0,0,0,0,0,1,0,0,2,6.391917113392602,2020,24,17.50439003707821
Madagascar,2005,6.9,11581.0,"Family, Animation, Adventure, Comedy",86 min,"$75,000,000",86.0,75000000.0,0,0,1,1,0,0,0,1,0,0,0,1,4,9.357207447785735,2000,10,18.132998684833918
Captain America: Civil War,2016,7.4,23806.0,"Adventure, Action, Science Fiction",147 min,"$250,000,000",147.0,250000000.0,1,0,1,0,0,1,0,0,0,0,0,0,3,10.077734934062509,2010,26,19.33697147982652
Scouts Guide to the Zombie Apocalypse,2015,6.6,2093.0,"Comedy, Horror",93 min,"$15,000,000",93.0,15000000.0,0,0,0,1,0,0,0,0,0,0,1,0,2,7.646831391430482,2010,37,16.52356082573315
Platoon,1986,7.7,5007.0,"Drama, War, Action",120 min,"$6,000,000",120.0,6000000.0,1,1,0,0,0,0,0,0,0,0,0,0,3,8.518791912779934,1980,7,15.607270193858982
The Wizard of Oz,1939,7.6,6034.0,"Adventure, Fantasy, Family",102 min,"$2,777,000",102.0,2777000.0,0,0,1,0,0,0,1,1,0,0,0,0,3,8.705331133531631,1930,16,14.8368821263897
Brave,2012,7.0,14018.0,"Animation, Adventure, Family, Fantasy",93 min,"$185,000,000",93.0,185000000.0,0,0,1,0,0,0,1,1,0,0,0,1,4,9.548168831368535,2010,5,19.035866388448003
The Flash,2023,6.6,4881.0,"Action, Science Fiction, Adventure",144 min,"$220,000,000",144.0,220000000.0,1,0,1,0,0,1,0,0,0,0,0,0,3,8.493310250952906,2020,9,19.20913810886209
Shaolin Soccer,2001,7.2,2480.0,"Action, Comedy",113 min,"$10,000,005",113.0,10000005.0,1,0,0,1,0,0,0,0,0,0,0,0,2,7.816416983691801,2000,14,16.11809625095814
The Boy and the Heron,2023,7.4,2553.0,"Animation, Adventure, Fantasy, Drama, Family",124 min,"$50,000,000",124.0,50000000.0,0,1,1,0,0,0,1,1,0,0,0,1,5,7.845416036592485,2020,21,17.72753358339242
Friends with Benefits,2011,6.6,8322.0,"Romance, Comedy",109 min,"$35,000,000",109.0,35000000.0,0,0,0,1,0,0,0,0,0,1,0,0,2,9.026778045746095,2010,21,17.370858648025116
The Intouchables,2011,8.3,18221.0,"Drama, Comedy",113 min,"$13,000,000",113.0,13000000.0,0,1,0,1,0,0,0,0,0,0,0,0,2,9.810384934273804,2010,16,16.380459992348886
E.T. the Extra-Terrestrial,1982,7.5,11860.0,"Science Fiction, Adventure, Family, Fantasy",115 min,"$10,500,000",115.0,10500000.0,0,0,1,0,0,1,1,1,0,0,0,0,4,9.381010986029276,1980,26,16.166885910365842
The Ministry of Ungentlemanly Warfare,2024,7.0,1782.0,"Action, Comedy, War",120 min,"$60,000,000",120.0,60000000.0,1,0,0,1,0,0,0,0,0,0,0,0,3,7.48605261786314,2020,37,17.909855136853043
La La Land,2016,7.9,17907.0,"Comedy, Drama, Romance",129 min,"$30,000,000",129.0,30000000.0,0,1,0,1,0,0,0,0,0,1,0,0,3,9.793002819360856,2010,10,17.216707972959764
2001: A Space Odyssey,1968,8.1,12408.0,"Science Fiction, Mystery, Adventure",149 min,"$12,000,000",149.0,12000000.0,0,0,1,0,0,1,0,0,0,0,0,0,3,9.42617729477462,1960,21,16.300417291085605
The Pianist,2002,8.4,9974.0,"Drama, War",150 min,"$35,000,000",150.0,35000000.0,0,1,0,0,0,0,0,0,0,0,0,0,2,9.207837241758064,2000,11,17.370858648025116
Psycho,1960,8.4,10857.0,"Horror, Thriller, Mystery",109 min,"$806,947",109.0,806947.0,0,0,0,0,1,0,0,0,0,0,1,0,3,9.292657414465397,1960,6,13.601014508992591
Beauty and the Beast,1991,7.7,10547.0,"Romance, Family, Animation, Fantasy",84 min,"$25,000,000",84.0,25000000.0,0,0,0,0,0,0,1,1,0,1,0,1,4,9.263691547473178,1990,20,17.034386422832473
Apocalypse Now,1979,8.3,8938.0,"Drama, War",147 min,"$31,500,000",147.0,31500000.0,0,1,0,0,0,0,0,0,0,0,0,0,2,9.098179005087852,1970,14,17.265498135541893
Warfare,2025,7.1,1346.0,"War, Action",95 min,"$20,000,000",95.0,20000000.0,1,0,0,0,0,0,0,0,0,0,0,0,2,7.205635176410364,2020,7,16.811242881518265
The Exorcist,1973,7.7,8508.0,Horror,122 min,"$12,000,000",122.0,12000000.0,0,0,0,0,0,0,0,0,0,0,1,0,1,9.048879705849558,1970,12,16.300417291085605
Afterburn,2025,6.4,205.0,"Science Fiction, Action, Comedy",105 min,"$60,000,000",105.0,60000000.0,1,0,0,1,0,1,0,0,0,0,0,0,3,5.327876168789581,2020,9,17.909855136853043
Fear and Loathing in Las Vegas,1998,7.2,4953.0,"Adventure, Drama, Comedy",118 min,"$18,500,000",118.0,18500000.0,0,1,1,1,0,0,0,0,0,0,0,0,3,8.507950610049305,1990,30,16.733281344102608
Source Code,2011,7.3,8967.0,"Thriller, Science Fiction, Mystery",93 min,"$32,000,000",93.0,32000000.0,0,0,0,0,1,1,0,0,0,0,0,0,3,9.101417964751995,2010,11,17.281246492014
Belle and Sebastian 3: The Last Chapter,2018,6.5,188.0,"Adventure, Family",97 min,"$13,500,000",97.0,13500000.0,0,0,1,0,0,0,0,1,0,0,0,0,2,5.241747015059643,2010,39,16.41820031748273
The Godfather Part III,1990,7.4,6745.0,"Crime, Drama, Thriller",162 min,"$54,000,000",162.0,54000000.0,0,1,0,0,1,0,0,0,1,0,0,0,3,8.816705015621595,1990,22,17.804494623047066
After,2019,7.1,8480.0,"Romance, Drama",106 min,"$14,000,000",106.0,14000000.0,0,1,0,0,0,0,0,0,0,1,0,0,2,9.0455836463617,2010,5,16.454567959008102
The Mummy Returns,2001,6.4,7542.0,"Adventure, Action, Fantasy",130 min,"$98,000,000",130.0,98000000.0,1,0,1,0,0,0,1,0,0,0,0,0,3,8.928375259853631,2000,17,18.400478046838927
What Dreams May Come,1998,7.2,2446.0,"Drama, Fantasy, Romance",113 min,"$85,000,000",113.0,85000000.0,0,1,0,0,0,0,1,0,0,1,0,0,3,7.802618063442671,1990,20,18.258161826219297
Teenage Mutant Ninja Turtles,2014,5.9,7117.0,"Science Fiction, Action, Adventure, Comedy",101 min,"$125,000,000",101.0,125000000.0,1,0,1,1,0,1,0,0,0,0,0,0,4,8.870382066070137,2010,28,18.643824303266577
The Devil's Advocate,1997,7.5,6650.0,"Horror, Drama, Mystery",144 min,"$57,000,000",144.0,57000000.0,0,1,0,0,0,0,0,0,0,0,1,0,3,8.802522498284421,1990,20,17.858561843342684
Scream 2,1997,6.5,4619.0,"Horror, Mystery",120 min,"$24,000,000",120.0,24000000.0,0,0,0,0,0,0,0,0,0,0,1,0,2,8.438149984075784,1990,8,16.993564429978885
Fast & Furious Presents: Hobbs & Shaw,2019,6.8,7661.0,"Action, Adventure, Comedy",137 min,"$200,000,000",137.0,200000000.0,1,0,1,1,0,0,0,0,0,0,0,0,3,8.944028325260595,2010,37,19.11382792951231
Here Comes the Boom,2012,6.2,1554.0,"Comedy, Action, Drama",105 min,"$42,000,000",105.0,42000000.0,1,1,0,1,0,0,0,0,0,0,0,0,3,7.349230824613334,2010,19,17.553180200057167
Green Book,2018,8.2,12664.0,"Drama, Comedy, History",130 min,"$23,000,000",130.0,23000000.0,0,1,0,1,0,0,0,0,0,0,0,0,3,9.446597562435775,2010,10,16.951004817371683
Road to Perdition,2002,7.3,3914.0,"Crime, Drama, Thriller",117 min,"$80,000,000",117.0,80000000.0,0,1,0,0,1,0,0,0,1,0,0,0,3,8.272570608424903,2000,17,18.197537205138154
The Dictator,2012,6.2,6326.0,Comedy,83 min,"$65,000,000",83.0,65000000.0,0,0,0,1,0,0,0,0,0,0,0,0,1,8.752581469146884,2010,12,17.989897843244528
Rio,2011,6.8,7088.0,"Animation, Adventure, Comedy, Family",96 min,"$90,000,000",96.0,90000000.0,0,0,1,1,0,0,0,1,0,0,0,1,4,8.866299565855018,2010,3,18.31532023940565
Les Misérables,2012,7.3,5525.0,"History, Drama",158 min,"$61,000,000",158.0,61000000.0,0,1,0,0,0,0,0,0,0,0,0,0,2,8.617219505483362,2010,14,17.926384438531027
Queen of Hearts,2019,6.9,364.0,Drama,127 min,"$19,000,000",127.0,19000000.0,0,1,0,0,0,0,0,0,0,0,0,0,1,5.8998973535824915,2010,15,16.759949589762293
Superbad,2007,7.3,7929.0,Comedy,113 min,"$20,000,000",113.0,20000000.0,0,0,0,1,0,0,0,0,0,0,0,0,1,8.978408314628894,2000,8,16.811242881518265
Man of Steel,2013,6.6,15991.0,"Action, Adventure, Science Fiction",143 min,"$225,000,000",143.0,225000000.0,1,0,1,0,0,1,0,0,0,0,0,0,3,9.679843876180236,2010,12,19.23161096461314
Encanto,2021,7.6,10093.0,"Animation, Comedy, Family, Fantasy",102 min,"$150,000,000",102.0,150000000.0,0,0,0,1,0,0,1,1,0,0,0,1,4,9.219696466900208,2020,7,18.826145858727198
Zodiac,2007,7.5,11387.0,"Crime, Mystery, Thriller",157 min,"$65,000,000",157.0,65000000.0,0,0,0,0,1,0,0,0,1,0,0,0,3,9.340315448397929,2000,6,17.989897843244528
Pillion,2025,6.2,116.0,"Romance, Drama, Comedy",107 min,"$1,000,000",107.0,1000000.0,0,1,0,1,0,0,0,0,0,1,0,0,3,4.762173934797756,2020,7,13.815511557963774
World War Z,2013,6.8,16311.0,"Action, Horror, Science Fiction, Thriller",116 min,"$200,000,000",116.0,200000000.0,1,0,0,0,1,1,0,0,0,0,1,0,4,9.699656312254291,2010,11,19.11382792951231
The Electric State,2025,6.5,1573.0,"Science Fiction, Adventure, Action",125 min,"$320,000,000",125.0,320000000.0,1,0,1,0,0,1,0,0,0,0,0,0,3,7.3613754289773485,2020,18,19.583831556883045
Superman IV: The Quest for Peace,1987,4.6,1386.0,"Action, Adventure, Science Fiction",90 min,"$17,000,000",90.0,17000000.0,1,0,1,0,0,1,0,0,0,0,0,0,3,7.234898420314831,1980,32,16.648723960844016
Soul,2020,8.1,11247.0,"Animation, Family, Comedy, Fantasy, Drama, Music",101 min,"$150,000,000",101.0,150000000.0,0,1,0,1,0,0,1,1,0,0,0,1,6,9.327945614050446,2020,4,18.826145858727198
The Hunger Games: Mockingjay - Part 1,2014,6.8,16578.0,"Science Fiction, Adventure, Thriller",123 min,"$125,000,000",123.0,125000000.0,0,0,1,0,1,1,0,0,0,0,0,0,3,9.715892113239466,2010,37,18.643824303266577
Heads of State,2025,6.8,981.0,"Action, Thriller, Comedy",117 min,$100,117.0,100.0,1,0,0,1,1,0,0,0,0,0,0,0,3,6.889591308354466,2020,14,4.61512051684126
The Suicide Squad,2021,7.5,9431.0,"Action, Comedy, Adventure",132 min,"$185,000,000",132.0,185000000.0,1,0,1,1,0,0,0,0,0,0,0,0,3,9.151863442217207,2020,17,19.035866388448003
The Fall Guy,2024,7.0,3564.0,"Action, Comedy, Romance",127 min,"$125,000,000",127.0,125000000.0,1,0,0,1,0,0,0,0,0,1,0,0,3,8.178919332848396,2020,12,18.643824303266577
Shrek 2,2004,7.3,13261.0,"Animation, Family, Comedy, Fantasy, Romance",92 min,"$150,000,000",92.0,150000000.0,0,0,0,1,0,0,1,1,0,1,0,1,5,9.492658081928813,2000,7,18.826145858727198
Mission: Impossible - Dead Reckoning Part One,2023,7.5,4967.0,"Action, Thriller, Adventure",164 min,"$220,000,000",164.0,220000000.0,1,0,1,0,1,0,0,0,0,0,0,0,3,8.510772623613315,2020,45,19.20913810886209
"Crazy, Stupid, Love.",2011,7.3,9135.0,"Comedy, Drama, Romance",118 min,"$50,000,000",118.0,50000000.0,0,1,0,1,0,0,0,0,0,1,0,0,3,9.119977931895791,2010,20,17.72753358339242
Black Widow,2021,7.2,11068.0,"Action, Adventure, Science Fiction",134 min,"$200,000,000",134.0,200000000.0,1,0,1,0,0,1,0,0,0,0,0,0,3,9.311903687385623,2020,11,19.11382792951231
Prisoners,2013,8.1,12833.0,"Drama, Thriller, Crime",153 min,"$46,000,000",153.0,46000000.0,0,1,0,0,1,0,0,0,1,0,0,0,3,9.45985317831046,2010,9,17.6441519761925
Ghost in the Shell: Stand Alone Complex - Solid State Society,2007,7.5,279.0,"Animation, Action, Thriller, Crime, Science Fiction",105 min,"$3,200,000",105.0,3200000.0,1,0,0,0,1,1,0,0,1,0,0,1,5,5.634789603169249,2000,61,14.978661680269907
Executive Decision,1996,6.3,1013.0,"Action, Adventure, Drama, Thriller",132 min,"$55,000,000",132.0,55000000.0,1,1,1,0,1,0,0,0,0,0,0,0,4,6.921658184151129,1990,18,17.822843761378564
8 Seconds,1994,7.2,107.0,"Drama, Romance, Western",105 min,"$7,000,000",105.0,7000000.0,0,1,0,0,0,0,0,0,0,1,0,0,3,4.68213122712422,1990,9,15.76142084987672
Flight Risk,2025,5.9,1110.0,"Action, Thriller",91 min,"$25,000,000",91.0,25000000.0,1,0,0,0,1,0,0,0,0,0,0,0,2,7.01301578963963,2020,11,17.034386422832473
A.I. Artificial Intelligence,2001,7.1,6551.0,"Drama, Science Fiction, Adventure",146 min,"$100,000,000",146.0,100000000.0,0,1,1,0,0,1,0,0,0,0,0,0,3,8.787525625532906,2000,28,18.420680753952364
Pirates of the Caribbean: Dead Men Tell No Tales,2017,6.7,12671.0,"Adventure, Action, Fantasy",129 min,"$230,000,000",129.0,230000000.0,1,0,1,0,0,0,1,0,0,0,0,0,3,9.447150114054207,2010,48,19.253589871235295
Star Wars: The Force Awakens,2015,7.2,20339.0,"Adventure, Action, Science Fiction",136 min,"$245,000,000",136.0,245000000.0,1,0,1,0,0,1,0,0,0,0,0,0,3,9.920344669602551,2010,28,19.316768772590635
28 Days Later,2002,7.2,8297.0,"Horror, Thriller, Science Fiction",113 min,"$8,000,000",113.0,8000000.0,0,0,0,0,1,1,0,0,0,0,1,0,3,9.023769800892813,2000,13,15.894952224644102
Fifty Shades Freed,2018,6.7,8304.0,"Drama, Romance",105 min,"$55,000,000",105.0,55000000.0,0,1,0,0,0,0,0,0,0,1,0,0,2,9.024613022047395,2010,18,17.822843761378564
Asterix & Obelix: Mission Cleopatra,2002,7.4,3740.0,"Family, Fantasy, Comedy, Adventure",108 min,"$58,500,000",108.0,58500000.0,0,0,1,1,0,0,1,1,0,0,0,0,4,8.227108234348146,2000,35,17.8845373292961
Killers of the Flower Moon,2023,7.4,4023.0,"Crime, History, Drama",206 min,"$200,000,000",206.0,200000000.0,0,1,0,0,0,0,0,0,1,0,0,0,3,8.300031711779575,2020,26,19.11382792951231
Maleficent,2014,7.1,13616.0,"Fantasy, Adventure, Action, Family, Romance",97 min,"$180,000,000",97.0,180000000.0,1,0,1,0,0,0,1,1,0,1,0,0,5,9.519074291124575,2010,10,19.00846741441004
Venom,2018,6.8,17064.0,"Science Fiction, Action",112 min,"$116,000,000",112.0,116000000.0,1,0,0,0,0,1,0,0,0,0,0,0,2,9.744784861340808,2010,5,18.569100757691327
Scream 3,2000,6.0,3963.0,"Horror, Mystery",116 min,"$40,000,000",116.0,40000000.0,0,0,0,0,0,0,0,0,0,0,1,0,2,8.285008895449879,2000,8,17.50439003707821
The Accountant²,2025,7.1,1638.0,"Mystery, Crime, Thriller",133 min,"$80,000,000",133.0,80000000.0,0,0,0,0,1,0,0,0,1,0,0,0,3,7.40184157874383,2020,15,18.197537205138154
Good Will Hunting,1997,8.2,13605.0,Drama,127 min,"$10,000,000",127.0,10000000.0,0,1,0,0,0,0,0,0,0,0,0,0,1,9.518266150905006,1990,17,16.118095750958314
Baby Driver,2017,7.4,16641.0,"Action, Crime",113 min,"$34,000,000",113.0,34000000.0,1,0,0,0,0,0,0,0,1,0,0,0,2,9.719684899460376,2010,11,17.341871111992198
Monty Python's The Meaning of Life,1983,7.3,2067.0,Comedy,107 min,"$9,000,000",107.0,9000000.0,0,0,0,1,0,0,0,0,0,0,0,0,1,7.63433723562832,1980,34,16.012735246411598
Deathstalker II: Duel of the Titans,1987,5.7,138.0,"Action, Adventure, Comedy, Fantasy",77 min,"$400,000",77.0,400000.0,1,0,1,1,0,0,1,0,0,0,0,0,4,4.9344739331306915,1980,35,12.899222326086994
No Country for Old Men,2007,7.9,13058.0,"Crime, Thriller, Western",122 min,"$25,000,000",122.0,25000000.0,0,0,0,0,1,0,0,0,1,0,0,0,3,9.477232830220407,2000,22,17.034386422832473
There Will Be Blood,2007,8.1,7286.0,Drama,158 min,"$25,000,000",158.0,25000000.0,0,1,0,0,0,0,0,0,0,0,0,0,1,8.893847217670283,2000,19,17.034386422832473
Free Guy,2021,7.5,9623.0,"Comedy, Adventure, Science Fiction",115 min,"$110,000,000",115.0,110000000.0,0,0,1,1,0,1,0,0,0,0,0,0,3,9.172015257654515,2020,8,18.5159909328476
"Lust, Caution",2007,7.3,782.0,"Action, Drama, Romance, Thriller",158 min,"$15,000,000",158.0,15000000.0,1,1,0,0,1,0,0,0,0,1,0,0,4,6.663132695990803,2000,13,16.52356082573315
Edge of Tomorrow,2014,7.6,14847.0,"Action, Science Fiction",114 min,"$178,000,000",114.0,178000000.0,1,0,0,0,0,1,0,0,0,0,0,0,2,9.605620455025981,2010,16,18.997294113874336
The Haunting in Connecticut 2: Ghosts of Georgia,2013,5.8,551.0,"Horror, Drama, Thriller",101 min,"$8,000,000",101.0,8000000.0,0,1,0,0,1,0,0,0,0,0,1,0,3,6.313548046277095,2010,48,15.894952224644102
Elevation,2024,6.4,907.0,"Action, Science Fiction, Thriller",91 min,"$18,000,000",91.0,18000000.0,1,0,0,0,1,1,0,0,0,0,0,0,3,6.811244378601294,2020,9,16.705882371415992
Weathering with You,2019,8.0,2576.0,"Animation, Drama, Fantasy, Romance",112 min,"$11,100,000",112.0,11100000.0,0,1,0,0,0,0,1,0,0,1,0,1,4,7.854381210652365,2010,19,16.22245575637265
Thir13en Ghosts,2001,6.3,2321.0,"Horror, Thriller",91 min,"$42,000,000",91.0,42000000.0,0,0,0,0,1,0,0,0,0,0,1,0,2,7.7501841622578365,2000,15,17.553180200057167
Shooter,2007,7.1,5344.0,"Drama, Action, Thriller",124 min,"$61,000,000",124.0,61000000.0,1,1,0,0,1,0,0,0,0,0,0,0,3,8.583916823459145,2000,7,17.926384438531027
Thor: Ragnarok,2017,7.6,21791.0,"Action, Adventure, Science Fiction, Comedy",131 min,"$180,000,000",131.0,180000000.0,1,0,1,1,0,1,0,0,0,0,0,0,4,9.989298208949238,2010,14,19.00846741441004
Sisu,2022,7.4,2724.0,"Action, War, Thriller",91 min,"$6,600,000",91.0,6600000.0,1,0,0,0,1,0,0,0,0,0,0,0,3,7.9102237070973445,2020,4,15.702580358511794
Babylon,2022,7.4,3678.0,"Drama, Comedy",189 min,"$78,000,000",189.0,78000000.0,0,1,0,1,0,0,0,0,0,0,0,0,2,8.210396255104774,2020,7,18.17221939747438
Alice in Wonderland,2010,6.6,14667.0,"Family, Fantasy, Adventure",108 min,"$200,000,000",108.0,200000000.0,0,0,1,0,0,0,1,1,0,0,0,0,3,9.593423529191217,2010,19,19.11382792951231
Terminator Salvation,2009,6.1,6927.0,"Action, Science Fiction, Thriller",115 min,"$200,000,000",115.0,200000000.0,1,0,0,0,1,1,0,0,0,0,0,0,3,8.843326450242271,2000,20,19.11382792951231
Seven Years in Tibet,1997,7.2,3064.0,"Adventure, Drama, History",136 min,"$70,000,000",136.0,70000000.0,0,1,1,0,0,0,0,0,0,0,0,0,3,8.027802848370312,1990,20,18.064005814299346
Mean Girls,2004,7.2,9345.0,"Drama, Comedy",97 min,"$17,000,000",97.0,17000000.0,0,1,0,1,0,0,0,0,0,0,0,0,2,9.142703723260372,2000,10,16.648723960844016
The Lorax,2012,6.5,3817.0,"Animation, Family",86 min,"$70,000,000",86.0,70000000.0,0,0,0,0,0,0,0,1,0,0,0,1,2,8.247482004285693,2010,9,18.064005814299346
Cars,2006,7.0,14940.0,"Animation, Adventure, Comedy, Family",117 min,"$120,000,000",117.0,120000000.0,0,0,1,1,0,0,0,1,0,0,0,1,4,9.611864390851085,2000,4,18.603002309079653
Penguins of Madagascar,2014,6.5,4420.0,"Family, Animation, Adventure, Comedy",92 min,"$132,000,000",92.0,132000000.0,0,0,1,1,0,0,0,1,0,0,0,1,4,8.394121193826242,2010,22,18.6983124881264
Like Water for Chocolate,1992,7.3,549.0,"Drama, Romance",105 min,"$2,000,000",105.0,2000000.0,0,1,0,0,0,0,0,0,0,1,0,0,2,6.309918278226516,1990,24,14.508658238524095
The Curious Case of Benjamin Button,2008,7.6,13550.0,"Drama, Fantasy, Romance",166 min,"$150,000,000",166.0,150000000.0,0,1,0,0,0,0,1,0,0,1,0,0,3,9.514215624322715,2000,35,18.826145858727198
Star Wars: The Rise of Skywalker,2019,6.3,10672.0,"Adventure, Action, Science Fiction",142 min,"$489,900,000",142.0,489900000.0,1,0,1,0,0,1,0,0,0,0,0,0,3,9.275472466913964,2010,32,20.009711848650035
Materialists,2025,6.4,1096.0,"Romance, Drama",116 min,"$20,000,000",116.0,20000000.0,0,1,0,0,0,0,0,0,0,1,0,0,2,7.00033446027523,2020,12,16.811242881518265
Black Panther: Wakanda Forever,2022,7.0,7323.0,"Action, Adventure, Science Fiction",162 min,"$250,000,000",162.0,250000000.0,1,0,1,0,0,1,0,0,0,0,0,0,3,8.898911905794401,2020,30,19.33697147982652
The Expendables,2010,6.2,8179.0,"Thriller, Adventure, Action",103 min,"$80,000,000",103.0,80000000.0,1,0,1,0,1,0,0,0,0,0,0,0,3,9.009447429596793,2010,15,18.197537205138154
"The Gangster, the Cop, the Devil",2019,7.8,1414.0,"Action, Crime, Thriller",110 min,"$6,500,000",110.0,6500000.0,1,0,0,0,1,0,0,0,1,0,0,0,3,7.254884810077338,2010,32,15.687312888712007
Ready Player One,2018,7.6,16663.0,"Adventure, Action, Science Fiction",140 min,"$175,000,000",140.0,175000000.0,1,0,1,0,0,1,0,0,0,0,0,0,3,9.721005982940808,2010,16,18.980296537602072
Thor,2011,6.8,22134.0,"Adventure, Fantasy, Action",115 min,"$150,000,000",115.0,150000000.0,1,0,1,0,0,0,1,0,0,0,0,0,3,10.004915345166241,2010,4,18.826145858727198
xXx: Return of Xander Cage,2017,6.1,9181.0,"Action, Adventure, Crime",107 min,"$85,000,000",107.0,85000000.0,1,0,1,0,0,0,0,0,1,0,0,0,3,9.125000324809168,2010,26,18.258161826219297
Ponyo,2008,7.8,4728.0,"Animation, Fantasy, Family",100 min,"$34,000,000",100.0,34000000.0,0,0,0,0,0,0,1,1,0,0,0,1,3,8.461469042643875,2000,5,17.341871111992198
Corpse Bride,2005,7.6,10052.0,"Romance, Fantasy, Animation",77 min,"$40,000,000",77.0,40000000.0,0,0,0,0,0,0,1,0,0,1,0,1,3,9.215626376405421,2000,12,17.50439003707821
Constantine,2005,7.1,7870.0,"Fantasy, Action, Horror",121 min,"$100,000,000",121.0,100000000.0,1,0,0,0,0,0,1,0,0,0,1,0,3,8.97094039814245,2000,11,18.420680753952364
Catch Me If You Can,2002,8.0,16845.0,"Drama, Crime",141 min,"$52,000,000",141.0,52000000.0,0,1,0,0,0,0,0,0,1,0,0,0,2,9.73186851887531,2000,19,17.76675429577647
Nosferatu,2024,6.7,3501.0,"Horror, Fantasy",133 min,"$50,000,000",133.0,50000000.0,0,0,0,0,0,0,1,0,0,0,1,0,2,8.161089512845797,2020,9,17.72753358339242
Red One,2024,7.0,2962.0,"Action, Comedy, Fantasy",124 min,"$250,000,000",124.0,250000000.0,1,0,0,1,0,0,1,0,0,0,0,0,3,7.993957547573565,2020,7,19.33697147982652
Stolen Girl,2025,6.2,139.0,"Thriller, Action, Adventure",110 min,"$26,000,000",110.0,26000000.0,1,0,1,0,1,0,0,0,0,0,0,0,3,4.941642422609304,2020,11,17.073607134447293
Tenet,2020,7.2,10911.0,"Action, Thriller, Science Fiction",150 min,"$205,000,000",150.0,205000000.0,1,0,0,0,1,1,0,0,0,0,0,0,3,9.297618380083243,2020,5,19.138520541980732
About Time,2013,7.9,9129.0,"Drama, Romance, Fantasy",123 min,"$12,000,000",123.0,12000000.0,0,1,0,0,0,0,1,0,0,1,0,0,3,9.119320973589014,2010,10,16.300417291085605
A Grand Day Out,1990,7.5,984.0,"Family, Animation, Comedy, Science Fiction, Adventure",24 min,"$17,300",,17300.0,0,0,1,1,0,1,0,1,0,0,0,1,5,6.892641641172089,1990,15,9.758519582283522
Godzilla Minus One,2023,7.6,3029.0,"Science Fiction, Horror, Action",124 min,"$15,000,000",124.0,15000000.0,1,0,0,0,0,1,0,0,0,0,1,0,3,8.016317898503415,2020,18,16.52356082573315
A Haunted House 2,2014,6.2,1566.0,"Comedy, Horror",87 min,"$4,000,000",87.0,4000000.0,0,0,0,1,0,0,0,0,0,0,1,0,2,7.356918242356021,2010,17,15.201805169084134
Transformers: Rise of the Beasts,2023,7.2,5195.0,"Science Fiction, Adventure, Action",127 min,"$195,000,000",127.0,195000000.0,1,0,1,0,0,1,0,0,0,0,0,0,3,8.55564437779049,2020,32,19.088510121656228
300,2007,7.2,14549.0,"Action, Adventure, War",116 min,"$65,000,000",116.0,65000000.0,1,0,1,0,0,0,0,0,0,0,0,0,3,9.585346272599638,2000,3,17.989897843244528
Rocky,1976,7.8,8477.0,Drama,120 min,"$1,000,000",120.0,1000000.0,0,1,0,0,0,0,0,0,0,0,0,0,1,9.045229851912582,1970,5,13.815511557963774
Ocean's Eleven,2001,7.5,12377.0,"Thriller, Crime",116 min,"$85,000,000",116.0,85000000.0,0,0,0,0,1,0,0,0,1,0,0,0,2,9.423675982299306,2000,14,18.258161826219297
Gran Turismo,2023,7.7,3304.0,"Adventure, Action, Drama",135 min,"$60,000,000",135.0,60000000.0,1,1,1,0,0,0,0,0,0,0,0,0,3,8.103191752285786,2020,12,17.909855136853043
The Matrix Reloaded,2003,7.1,11773.0,"Adventure, Action, Thriller, Science Fiction",138 min,"$150,000,000",138.0,150000000.0,1,0,1,0,1,1,0,0,0,0,0,0,4,9.373648989588206,2000,19,18.826145858727198
Mud,2013,7.1,3006.0,Drama,130 min,"$10,000,000",130.0,10000000.0,0,1,0,0,0,0,0,0,0,0,0,0,1,8.008698182988528,2010,3,16.118095750958314
Little Man,2006,5.9,1870.0,"Comedy, Crime",98 min,"$64,000,000",98.0,64000000.0,0,0,0,1,0,0,0,0,1,0,0,0,2,7.534228326274089,2000,10,17.974393656948944
Don't Be a Menace to South Central While Drinking Your Juice in the Hood,1996,7.0,1461.0,"Comedy, Crime",89 min,"$3,800,000",89.0,3800000.0,0,0,0,1,0,0,0,0,1,0,0,0,2,7.2875606403097235,1990,72,15.150511887854474
Wreck-It Ralph,2012,7.4,12943.0,"Family, Animation, Comedy, Adventure",101 min,"$165,000,000",101.0,165000000.0,0,0,1,1,0,0,0,1,0,0,0,1,4,9.468387639298273,2010,14,18.92145603792546
The Monkey,2025,6.0,1228.0,"Horror, Comedy",97 min,"$10,000,000",97.0,10000000.0,0,0,0,1,0,0,0,0,0,0,1,0,2,7.113956109566034,2020,10,16.118095750958314
Apocalypto,2006,7.6,6125.0,"Action, Drama, History",138 min,"$40,000,000",138.0,40000000.0,1,1,0,0,0,0,0,0,0,0,0,0,3,8.72029728739272,2000,10,17.50439003707821
G.I. Joe: The Rise of Cobra,2009,5.8,4854.0,"Adventure, Action, Thriller, Science Fiction",118 min,"$175,000,000",118.0,175000000.0,1,0,1,0,1,1,0,0,0,0,0,0,4,8.487764380725425,2000,27,18.980296537602072
Once Upon a Time in America,1984,8.4,5932.0,"Drama, Crime",229 min,"$30,000,000",229.0,30000000.0,0,1,0,0,0,0,0,0,1,0,0,0,2,8.688285266258644,1980,27,17.216707972959764
Shark Tale,2004,6.0,6629.0,"Animation, Action, Comedy, Family",90 min,"$75,000,000",90.0,75000000.0,1,0,0,1,0,0,0,1,0,0,0,1,4,8.799360083179907,2000,10,18.132998684833918
Wall Street: Money Never Sleeps,2010,6.1,1653.0,"Drama, Crime",133 min,"$70,000,000",133.0,70000000.0,0,1,0,0,0,0,0,0,1,0,0,0,2,7.4109518755836366,2010,31,18.064005814299346
About My Father,2023,6.0,404.0,Comedy,90 min,"$29,100,000",90.0,29100000.0,0,0,0,1,0,0,0,0,0,0,0,0,1,6.003887067106539,2020,15,17.186248766505983
Ri¢hie Ri¢h,1994,5.9,2390.0,"Comedy, Family",94 min,"$40,000,000",94.0,40000000.0,0,0,0,1,0,0,0,1,0,0,0,0,2,7.779466967458324,1990,11,17.50439003707821
American Pie,1999,6.6,8178.0,"Comedy, Romance",95 min,"$11,000,000",95.0,11000000.0,0,0,0,1,0,0,0,0,0,1,0,0,2,9.009325172734973,1990,12,16.213405921671733
The Imitation Game,2014,8.0,17883.0,"History, Drama, Thriller, War",113 min,"$14,000,000",113.0,14000000.0,0,1,0,0,1,0,0,0,0,0,0,0,4,9.791661737353872,2010,18,16.454567959008102
Anna,2019,6.7,2938.0,"Action, Adventure, Thriller",119 min,"$34,000,000",119.0,34000000.0,1,0,1,0,1,0,0,0,0,0,0,0,3,7.985824666418917,2010,4,17.341871111992198
Deadpool 2,2018,7.5,19001.0,"Action, Comedy, Adventure",120 min,"$110,000,000",120.0,110000000.0,1,0,1,1,0,0,0,0,0,0,0,0,3,9.852299515766695,2010,10,18.5159909328476
Creed,2015,7.4,7862.0,Drama,133 min,"$37,000,000",133.0,37000000.0,0,1,0,0,0,0,0,0,0,0,0,0,1,8.969923491991516,2010,5,17.426428497635523
Memories of Murder,2003,8.1,4454.0,"Crime, Drama, Thriller",131 min,"$2,800,000",131.0,2800000.0,0,1,0,0,1,0,0,0,1,0,0,0,3,8.40178233990491,2000,18,14.845130332288226
Interview with the Vampire,1994,7.4,6329.0,"Horror, Drama, Fantasy",123 min,"$60,000,000",123.0,60000000.0,0,1,0,0,0,0,1,0,0,0,1,0,3,8.753055515138222,1990,26,17.909855136853043
Ghost,1990,7.2,5932.0,"Fantasy, Thriller, Romance",127 min,"$22,000,000",127.0,22000000.0,0,0,0,0,1,0,1,0,0,1,0,0,3,8.688285266258644,1990,5,16.906553056777135
Reservoir Dogs,1992,8.1,15228.0,"Crime, Thriller",99 min,"$1,200,000",99.0,1200000.0,0,0,0,0,1,0,0,0,1,0,0,0,2,9.63095678385169,1990,14,13.997832948091215
Doctor Strange in the Multiverse of Madness,2022,7.2,10120.0,"Fantasy, Action, Adventure",126 min,"$290,000,000",126.0,290000000.0,1,0,1,0,0,0,1,0,0,0,0,0,3,9.222367752188902,2020,43,19.48539148439307
Resident Evil: Welcome to Raccoon City,2021,5.9,2640.0,"Action, Horror, Science Fiction",107 min,"$25,000,000",107.0,25000000.0,1,0,0,0,0,1,0,0,0,0,1,0,3,7.878912912297133,2020,38,17.034386422832473
Transformers One,2024,8.0,1529.0,"Animation, Science Fiction, Adventure, Family",104 min,"$75,000,000",104.0,75000000.0,0,0,1,0,0,1,0,1,0,0,0,1,4,7.333023014386481,2020,16,18.132998684833918
Pixels,2015,5.8,7953.0,"Action, Comedy, Science Fiction",106 min,"$88,000,000",106.0,88000000.0,1,0,0,1,0,1,0,0,0,0,0,0,3,8.981430225767635,2010,6,18.292847383806116
Box Office 3D: The Filmest of Films,2011,2.9,250.0,Comedy,102 min,"$5,000,000",102.0,5000000.0,0,0,0,1,0,0,0,0,0,0,0,0,1,5.5254529391317835,2010,35,15.424948670398354
10 Things We Should Do Before We Break Up,2020,5.3,125.0,"Drama, Romance",75 min,"$5,000,000",75.0,5000000.0,0,1,0,0,0,0,0,0,0,1,0,0,2,4.836281906951478,2020,41,15.424948670398354
Lucy,2014,6.5,16886.0,"Action, Science Fiction",89 min,"$40,000,000",89.0,40000000.0,1,0,0,0,0,1,0,0,0,0,0,0,2,9.734299374132137,2010,4,17.50439003707821
Wrong Turn 4: Bloody Beginnings,2011,5.7,1194.0,"Horror, Thriller",93 min,"$3,000,000",93.0,3000000.0,0,0,0,0,1,0,0,0,0,0,1,0,2,7.085901464365611,2010,31,14.914123179965662
Ghostbusters,1984,7.5,9618.0,"Comedy, Fantasy",107 min,"$30,000,000",107.0,30000000.0,0,0,0,1,0,0,1,0,0,0,0,0,2,9.171495588152615,1980,12,17.216707972959764
Land of the Pharaohs,1955,6.4,104.0,"Drama, History",105 min,"$2,900,000",105.0,2900000.0,0,1,0,0,0,0,0,0,0,0,0,0,2,4.653960350157523,1950,20,14.88022163978423
A Matter of Life and Death,1946,7.8,459.0,"Romance, Fantasy, Drama, Comedy",104 min,"$450,000",104.0,450000.0,0,1,0,1,0,0,1,0,0,1,0,0,4,6.131226489483141,1940,26,13.017005083966255
Dumb and Dumber,1994,6.6,6600.0,Comedy,107 min,"$16,000,000",107.0,16000000.0,0,0,0,1,0,0,0,0,0,0,0,0,1,8.79497643168877,1990,15,16.588099342704055
Shin Godzilla,2016,7.2,1529.0,"Action, Science Fiction, Horror",120 min,"$15,000,000",120.0,15000000.0,1,0,0,0,0,1,0,0,0,0,1,0,3,7.333023014386481,2010,13,16.52356082573315
Rush Hour,1998,7.1,5533.0,"Action, Comedy, Crime",97 min,"$33,000,000",97.0,33000000.0,1,0,0,1,0,0,0,0,1,0,0,0,3,8.618666160346871,1990,9,17.312018149733785
Lamborghini: The Man Behind the Legend,2022,6.4,695.0,"Drama, History",97 min,"$1,709,686",97.0,1709686.0,0,1,0,0,0,0,0,0,0,0,0,0,2,6.54534966033442,2020,38,14.351820870789133
CODA,2021,7.9,2515.0,"Drama, Music, Romance",112 min,"$10,000,000",112.0,10000000.0,0,1,0,0,0,0,0,0,0,1,0,0,3,7.830425617820331,2020,4,16.118095750958314
Kingsman: The Secret Service,2015,7.6,17640.0,"Crime, Comedy, Action, Adventure",129 min,"$81,000,000",129.0,81000000.0,1,0,1,1,0,0,0,0,1,0,0,0,4,9.777981017296407,2010,28,18.20995972498239
Sicario,2015,7.4,9379.0,"Action, Crime, Thriller",122 min,"$30,000,000",122.0,30000000.0,1,0,0,0,1,0,0,0,1,0,0,0,3,9.14633504200027,2010,7,17.216707972959764
Eden,2025,6.7,584.0,"Thriller, Drama",129 min,"$50,000,000",129.0,50000000.0,0,1,0,0,1,0,0,0,0,0,0,0,2,6.371611847231857,2020,4,17.72753358339242
Drive,2011,7.6,13419.0,"Drama, Thriller, Crime",100 min,"$15,000,000",100.0,15000000.0,0,1,0,0,1,0,0,0,1,0,0,0,3,9.504501410525673,2010,5,16.52356082573315
The Secret World of Arrietty,2010,7.7,3103.0,"Fantasy, Animation, Family",94 min,"$23,000,000",94.0,23000000.0,0,0,0,0,0,0,1,1,0,0,0,1,3,8.04044688130311,2010,28,16.951004817371683
Keeper,2025,5.6,156.0,"Horror, Mystery",99 min,"$6,000,000",99.0,6000000.0,0,0,0,0,0,0,0,0,0,0,1,0,2,5.056245805348308,2020,6,15.607270193858982
Unfaithful,2002,6.7,1673.0,"Thriller, Drama, Romance",124 min,"$50,000,000",124.0,50000000.0,0,1,0,0,1,0,0,0,0,1,0,0,3,7.422971251049421,2000,10,17.72753358339242
Doctor Strange,2016,7.4,23220.0,"Fantasy, Adventure, Action",115 min,"$180,000,000",115.0,180000000.0,1,0,1,0,0,0,1,0,0,0,0,0,3,10.05281232064669,2010,14,19.00846741441004
The Bourne Identity,2002,7.5,9938.0,"Action, Drama, Mystery, Thriller",119 min,"$60,000,000",119.0,60000000.0,1,1,0,0,1,0,0,0,0,0,0,0,4,9.204221690968005,2000,19,17.909855136853043
Paul,2011,6.7,6169.0,"Adventure, Comedy, Science Fiction",104 min,"$40,000,000",104.0,40000000.0,0,0,1,1,0,1,0,0,0,0,0,0,3,8.727454116899434,2010,4,17.50439003707821
Unforgiven,1992,7.9,4860.0,Western,130 min,"$14,400,000",130.0,14400000.0,0,0,0,0,0,0,0,0,0,0,0,0,1,8.488999457045455,1990,10,16.48273883399067
Happiness Never Comes Alone,2012,6.1,436.0,"Comedy, Romance",110 min,"$15,000,000",110.0,15000000.0,0,0,0,1,0,0,0,0,0,1,0,0,2,6.07993319509559,2010,27,16.52356082573315
Now You See Me,2013,7.3,16566.0,"Thriller, Crime",116 min,"$75,000,000",116.0,75000000.0,0,0,0,0,1,0,0,0,1,0,0,0,2,9.715168043938537,2010,14,18.132998684833918
Furious 7,2015,7.2,11175.0,"Action, Crime, Thriller",139 min,"$190,000,000",139.0,190000000.0,1,0,0,0,1,0,0,0,1,0,0,0,3,9.321523900936798,2010,9,19.06253463538792
Universal Soldier: Day of Reckoning,2012,5.6,476.0,"Action, Science Fiction, Thriller",113 min,"$11,500,000",113.0,11500000.0,1,0,0,0,1,1,0,0,0,0,0,0,3,6.1675164908883415,2010,35,16.257857680289998
A Fistful of Dollars,1964,7.8,4629.0,Western,99 min,"$200,000",99.0,200000.0,0,0,0,0,0,0,0,0,0,0,0,0,1,8.440312147080279,1960,20,12.206077645517674
Longlegs,2024,6.5,2524.0,"Crime, Horror, Mystery",101 min,"$10,000,000",101.0,10000000.0,0,0,0,0,0,0,0,0,1,0,1,0,3,7.83399634170946,2020,8,16.118095750958314
Scream 4,2011,6.5,4091.0,"Horror, Mystery",111 min,"$40,000,000",111.0,40000000.0,0,0,0,0,0,0,0,0,0,0,1,0,2,8.316789127071518,2010,8,17.50439003707821
The Shadow,1994,6.1,555.0,"Fantasy, Action, Crime",108 min,"$25,000,000",108.0,25000000.0,1,0,0,0,0,0,1,0,1,0,0,0,3,6.320768294250582,1990,10,17.034386422832473
Charlie and the Chocolate Factory,2005,7.0,15966.0,"Adventure, Comedy, Family, Fantasy",115 min,"$150,000,000",115.0,150000000.0,0,0,1,1,0,0,1,1,0,0,0,0,4,9.678279371339702,2000,33,18.826145858727198
Matilda,1996,7.2,4743.0,"Comedy, Family, Fantasy",98 min,"$36,000,000",98.0,36000000.0,0,0,0,1,0,0,1,1,0,0,0,0,3,8.464635940677562,1990,7,17.399029524198163
Land of Bad,2024,7.3,1428.0,"Action, War, Thriller",113 min,"$18,000,000",113.0,18000000.0,1,0,0,0,1,0,0,0,0,0,0,0,3,7.264730177929867,2020,11,16.705882371415992
Divergent,2014,6.9,13344.0,"Action, Adventure, Science Fiction",140 min,"$85,000,000",140.0,85000000.0,1,0,1,0,0,1,0,0,0,0,0,0,3,9.498897061838624,2010,9,18.258161826219297
Anaconda,2024,6.9,132.0,"Adventure, Horror, Thriller",84 min,"$30,000,000",84.0,30000000.0,0,0,1,0,1,0,0,0,0,0,1,0,3,4.890349128221754,2020,8,17.216707972959764
American Psycho,2000,7.4,12068.0,"Thriller, Drama, Crime",102 min,"$7,000,000",102.0,7000000.0,0,1,0,0,1,0,0,0,1,0,0,0,3,9.398395460617898,2000,15,15.76142084987672
Downton Abbey: The Grand Finale,2025,7.1,225.0,"Drama, Romance",123 min,"$50,000,000",123.0,50000000.0,0,1,0,0,0,0,0,0,0,1,0,0,2,5.420534999272286,2020,31,17.72753358339242
Wrong Turn,2003,6.4,2941.0,"Horror, Thriller",84 min,"$12,600,000",84.0,12600000.0,0,0,0,0,1,0,0,0,0,0,1,0,2,7.9868449011613825,2000,10,16.349207451286784
Lethal Weapon,1987,7.3,4948.0,"Action, Thriller, Crime",110 min,"$15,000,000",110.0,15000000.0,1,0,0,0,1,0,0,0,1,0,0,0,3,8.506940814951886,1980,13,16.52356082573315
Akira,1988,7.9,4671.0,"Animation, Science Fiction, Action",124 min,"$5,700,000",124.0,5700000.0,1,0,0,0,0,1,0,0,0,0,0,1,3,8.449342524508063,1980,5,15.555976908243359
Paprika,2006,7.8,2788.0,"Science Fiction, Thriller, Animation",90 min,"$2,600,000",90.0,2600000.0,0,0,0,0,1,1,0,0,0,0,0,1,3,7.933438387627489,2000,7,14.77102238760702
One Flew Over the Cuckoo's Nest,1975,8.4,11270.0,Drama,133 min,"$3,000,000",133.0,3000000.0,0,1,0,0,0,0,0,0,0,0,0,0,1,9.329988334242078,1970,31,14.914123179965662
Cars 3,2017,6.9,6306.0,"Animation, Adventure, Comedy, Drama, Family",102 min,"$175,000,000",102.0,175000000.0,0,1,1,1,0,0,0,1,0,0,0,1,5,8.749415406663651,2010,6,18.980296537602072
Return to... Return to Nuke 'Em High aka Vol. 2,2017,6.5,178.0,"Comedy, Horror, Science Fiction",85 min,"$63,615",85.0,63615.0,0,0,0,1,0,1,0,0,0,0,1,0,3,5.187385805840755,2010,47,11.060620290016246
The Marvels,2023,5.9,3267.0,"Science Fiction, Adventure, Action",105 min,"$274,800,000",105.0,274800000.0,1,0,1,0,0,1,0,0,0,0,0,0,3,8.091933455979893,2020,11,19.43155412195148
Battleship,2012,5.9,5853.0,"Thriller, Action, Adventure, Science Fiction",131 min,"$209,000,000",131.0,209000000.0,1,0,1,0,1,1,0,0,0,0,0,0,4,8.674880467251832,2010,10,19.157844814713773
Ghost in the Shell,2017,6.1,8465.0,"Science Fiction, Drama, Action",107 min,"$110,000,000",107.0,110000000.0,1,1,0,0,0,1,0,0,0,0,0,0,3,9.04381342108087,2010,18,18.5159909328476
Nausicaä of the Valley of the Wind,1984,7.9,3996.0,"Adventure, Animation, Fantasy",117 min,"$1,000,000",117.0,1000000.0,0,0,1,0,0,0,1,0,0,0,0,1,3,8.293299358711323,1980,34,13.815511557963774
Captain Marvel,2019,6.8,16571.0,"Action, Adventure, Science Fiction",124 min,"$152,000,000",124.0,152000000.0,1,0,1,0,0,1,0,0,0,0,0,0,3,9.715469803197292,2010,14,18.839391085389497
The Tearsmith,2024,6.5,950.0,"Romance, Drama",106 min,"$7,000,000",106.0,7000000.0,0,1,0,0,0,0,0,0,0,1,0,0,2,6.85751406254539,2020,13,15.76142084987672
Babygirl,2024,5.7,1141.0,"Romance, Thriller",115 min,"$20,000,000",115.0,20000000.0,0,0,0,0,1,0,0,0,0,1,0,0,2,7.040536390215956,2020,8,16.811242881518265
Halloween,1978,7.6,6079.0,"Horror, Thriller",91 min,"$325,000",91.0,325000.0,0,0,0,0,1,0,0,0,0,0,1,0,2,8.712759974960212,1970,9,12.691583538230217
The Princess and the Frog,2009,7.2,6027.0,"Animation, Romance, Fantasy, Family",98 min,"$105,000,000",98.0,105000000.0,0,0,0,0,0,0,1,1,0,1,0,1,4,8.704170559746386,2000,25,18.46947091764561
Prey,2022,7.7,7558.0,"Thriller, Action, Science Fiction",100 min,"$65,000,000",100.0,65000000.0,1,0,0,0,1,1,0,0,0,0,0,0,3,8.930494185292178,2020,4,17.989897843244528
Indiana Jones and the Dial of Destiny,2023,6.5,4033.0,"Adventure, Action",155 min,"$294,700,000",155.0,294700000.0,1,0,1,0,0,0,0,0,0,0,0,0,2,8.302513718514158,2020,37,19.501468451101204
In the Mood for Love,2000,8.1,3177.0,"Drama, Romance",99 min,"$3,000,000",99.0,3000000.0,0,1,0,0,0,0,0,0,0,1,0,0,2,8.064007347096661,2000,20,14.914123179965662
Sleeping with the Enemy,1991,6.5,1194.0,"Drama, Thriller",99 min,"$19,000,000",99.0,19000000.0,0,1,0,0,1,0,0,0,0,0,0,0,2,7.085901464365611,1990,23,16.759949589762293
The Jungle Book,1967,7.3,6607.0,"Family, Animation, Adventure",78 min,"$4,000,000",78.0,4000000.0,0,0,1,0,0,0,0,1,0,0,0,1,3,8.796036315200814,1960,15,15.201805169084134
Raees,2017,6.7,245.0,"Thriller, Action, Crime",143 min,"$46,000,000",143.0,46000000.0,1,0,0,0,1,0,0,0,1,0,0,0,3,5.5053315359323625,2010,5,17.6441519761925
Rango,2011,6.9,6985.0,"Animation, Comedy, Family, Western, Adventure",112 min,"$135,000,000",112.0,135000000.0,0,0,1,1,0,0,0,1,0,0,0,1,5,8.851663425366777,2010,5,18.72078534381011
PK,2014,7.7,1128.0,"Comedy, Drama, Science Fiction",153 min,"$13,000,000",153.0,13000000.0,0,1,0,1,0,1,0,0,0,0,0,0,3,7.029087564149662,2010,2,16.380459992348886
Casino Royale,2006,7.6,11493.0,"Adventure, Action, Thriller",144 min,"$150,000,000",144.0,150000000.0,1,0,1,0,1,0,0,0,0,0,0,0,3,9.349580439067687,2000,13,18.826145858727198
The Amazing Spider-Man 2,2014,6.5,14043.0,"Action, Adventure, Science Fiction",141 min,"$200,000,000",141.0,200000000.0,1,0,1,0,0,1,0,0,0,0,0,0,3,9.549950537288323,2010,24,19.11382792951231
Ready or Not,2019,7.0,5131.0,"Horror, Comedy",95 min,"$6,000,000",95.0,6000000.0,0,0,0,1,0,0,0,0,0,0,1,0,2,8.543250725735527,2010,12,15.607270193858982
The Garfield Movie,2024,7.0,1403.0,"Family, Comedy, Adventure, Animation",101 min,"$60,000,000",101.0,60000000.0,0,0,1,1,0,0,0,1,0,0,0,1,4,7.247080584585756,2020,18,17.909855136853043
Sex Drive,2008,6.4,1451.0,"Comedy, Adventure, Romance",109 min,"$19,000,000",109.0,19000000.0,0,0,1,1,0,0,0,0,0,1,0,0,3,7.280697195384741,2000,9,16.759949589762293
Conclave,2024,7.2,3244.0,"Drama, Thriller",120 min,"$20,000,000",120.0,20000000.0,0,1,0,0,1,0,0,0,0,0,0,0,2,8.08487062913819,2020,8,16.811242881518265
A Quiet Place,2018,7.4,15141.0,"Horror, Drama, Science Fiction",91 min,"$17,000,000",91.0,17000000.0,0,1,0,0,0,1,0,0,0,0,1,0,3,9.625227618663251,2010,13,16.648723960844016
Midsommar,2019,7.2,7920.0,"Horror, Drama, Mystery",147 min,"$9,000,000",147.0,9000000.0,0,1,0,0,0,0,0,0,0,0,1,0,3,8.97727273946428,2010,9,16.012735246411598
The Girl Next Door,2004,6.7,3924.0,"Comedy, Romance",110 min,"$21,000,000",110.0,21000000.0,0,0,0,1,0,0,0,0,0,1,0,0,2,8.275121630216509,2000,18,16.860033043306743
Minions: The Rise of Gru,2022,7.3,3954.0,"Family, Comedy, Adventure, Animation, Science Fiction, Fantasy",87 min,"$85,000,000",87.0,85000000.0,0,0,1,1,0,1,1,1,0,0,0,1,6,8.282735880201754,2020,24,18.258161826219297
Hotel Transylvania,2012,7.0,9077.0,"Animation, Comedy, Family, Fantasy",91 min,"$85,000,000",91.0,85000000.0,0,0,0,1,0,0,1,1,0,0,0,1,4,9.113609183016411,2010,18,18.258161826219297
Men in Black,1997,7.2,14640.0,"Action, Adventure, Comedy, Science Fiction",98 min,"$90,000,000",98.0,90000000.0,1,0,1,1,0,1,0,0,0,0,0,0,4,9.591581091193483,1990,12,18.31532023940565
Perfect Blue,1998,8.3,3091.0,"Animation, Thriller",82 min,"$3,000,000",82.0,3000000.0,0,0,0,0,1,0,0,0,0,0,0,1,2,8.036573409707312,1990,12,14.914123179965662
The Million Dollar Hotel,2000,5.9,370.0,"Drama, Thriller",122 min,"$8,000,000",122.0,8000000.0,0,1,0,0,1,0,0,0,0,0,0,0,2,5.916202062607435,2000,24,15.894952224644102
The Matrix Resurrections,2021,6.3,6336.0,"Science Fiction, Action, Adventure",148 min,"$190,000,000",148.0,190000000.0,1,0,1,0,0,1,0,0,0,0,0,0,3,8.754160749323518,2020,24,19.06253463538792
Call Me by Your Name,2017,8.1,12630.0,"Romance, Drama",132 min,"$3,500,000",132.0,3500000.0,0,1,0,0,0,0,0,0,0,1,0,0,2,9.443909388773974,2010,20,15.068273812173887
The SpongeBob Movie: Sponge on the Run,2020,7.4,2954.0,"Family, Comedy, Adventure, Animation",95 min,"$60,000,000",95.0,60000000.0,0,0,1,1,0,0,0,1,0,0,0,1,4,7.991253929840199,2020,38,17.909855136853043
Spy Kids 2: The Island of Lost Dreams,2002,5.7,2319.0,"Family, Action, Adventure, Comedy, Science Fiction",100 min,"$38,000,000",100.0,38000000.0,1,0,1,1,0,1,0,1,0,0,0,0,5,7.749322464660356,2000,37,17.453096744006448
Treasure Planet,2002,7.6,4534.0,"Science Fiction, Adventure, Animation, Family, Fantasy",96 min,"$140,000,000",96.0,140000000.0,0,0,1,0,0,1,1,1,0,0,0,1,5,8.419580362549237,2000,15,18.757152987716434
Beauty and the Beast,2017,7.0,15935.0,"Family, Fantasy, Romance",129 min,"$160,000,000",129.0,160000000.0,0,0,0,0,0,0,1,1,0,1,0,0,3,9.67633597982438,2010,20,18.8906843794481
Police Academy: Mission to Moscow,1994,4.6,958.0,"Comedy, Crime",83 min,"$10,000,000",83.0,10000000.0,0,0,0,1,0,0,0,0,1,0,0,0,2,6.8658910748834385,1990,33,16.118095750958314
Dr. No,1962,7.0,3975.0,"Adventure, Action, Thriller",110 min,"$1,000,000",110.0,1000000.0,1,0,1,0,1,0,0,0,0,0,0,0,3,8.288031567776464,1960,6,13.815511557963774
Lilo & Stitch,2002,7.6,7004.0,"Animation, Family, Comedy",85 min,"$80,000,000",85.0,80000000.0,0,0,0,1,0,0,0,1,0,0,0,1,3,8.854379458771108,2000,13,18.197537205138154
The Help,2011,8.2,8903.0,Drama,146 min,"$25,000,000",146.0,25000000.0,0,1,0,0,0,0,0,0,0,0,0,0,1,9.094255892955381,2010,8,17.034386422832473
Rambo: First Blood Part II,1985,6.7,4242.0,"Action, Adventure, Thriller, War",96 min,"$44,000,000",96.0,44000000.0,1,0,1,0,1,0,0,0,0,0,0,0,4,8.353025845202325,1980,26,17.599700214609808
Beetlejuice Beetlejuice,2024,6.9,3009.0,"Comedy, Fantasy, Horror",105 min,"$99,000,000",105.0,99000000.0,0,0,0,1,0,0,1,0,0,0,1,0,3,8.009695357742922,2020,23,18.410630418199872
Irreversible,2002,7.2,3220.0,"Drama, Thriller, Crime",93 min,"$3,500,000",93.0,3500000.0,0,1,0,0,1,0,0,0,1,0,0,0,3,8.0774471493312,2000,12,15.068273812173887
Hidden Figures,2016,8.0,10294.0,"Drama, History",127 min,"$25,000,000",127.0,25000000.0,0,1,0,0,0,0,0,0,0,0,0,0,2,9.23941361946189,2010,14,17.034386422832473
I Am Legend,2007,7.2,16627.0,"Drama, Science Fiction, Thriller",101 min,"$150,000,000",101.0,150000000.0,0,1,0,0,1,1,0,0,0,0,0,0,3,9.718843300372528,2000,11,18.826145858727198
How to Train Your Dragon 2,2014,7.7,10289.0,"Fantasy, Action, Adventure, Animation, Family",102 min,"$145,000,000",102.0,145000000.0,1,0,1,0,0,0,1,1,0,0,0,1,5,9.238927828828094,2010,26,18.7922443072814
Rambo: Last Blood,2019,6.5,4153.0,"Action, Thriller, Drama",89 min,"$50,000,000",89.0,50000000.0,1,1,0,0,1,0,0,0,0,0,0,0,3,8.331827004436057,2010,17,17.72753358339242
War of the Worlds,2005,6.5,9018.0,"Adventure, Thriller, Science Fiction",117 min,"$132,000,000",117.0,132000000.0,0,0,1,0,1,1,0,0,0,0,0,0,3,9.107088742165708,2000,17,18.6983124881264
Before the Fall,2004,7.0,356.0,Drama,117 min,"$4,500,000",117.0,4500000.0,0,1,0,0,0,0,0,0,0,0,0,0,1,5.877735781779639,2000,15,15.319588176962746
Ghost in the Shell,1995,7.9,3792.0,"Action, Animation, Science Fiction",83 min,"$3,000,000",83.0,3000000.0,1,0,0,0,0,1,0,0,0,0,0,1,3,8.2409125416889,1990,18,14.914123179965662
Cars 2,2011,6.2,8378.0,"Animation, Family, Adventure, Comedy",106 min,"$200,000,000",106.0,200000000.0,0,0,1,1,0,0,0,1,0,0,0,1,4,9.033483854613287,2010,6,19.11382792951231
Seven Samurai,1954,8.5,4137.0,"Action, Drama",207 min,"$2,000,000",207.0,2000000.0,1,1,0,0,0,0,0,0,0,0,0,0,2,8.327967858305488,1950,13,14.508658238524095
Dog Man,2025,7.5,337.0,"Family, Comedy, Adventure, Animation, Action",89 min,"$40,000,000",89.0,40000000.0,1,0,1,1,0,0,0,1,0,0,0,1,5,5.823045895483019,2020,7,17.50439003707821
Rush,2013,7.7,7692.0,"Drama, Action",123 min,"$38,000,000",123.0,38000000.0,1,1,0,0,0,0,0,0,0,0,0,0,2,8.948066103458935,2010,4,17.453096744006448
Thor: Love and Thunder,2022,6.4,8419.0,"Fantasy, Action, Comedy",119 min,"$250,000,000",119.0,250000000.0,1,0,0,1,0,0,1,0,0,0,0,0,3,9.038365107236372,2020,22,19.33697147982652
Argo,2012,7.3,8824.0,"Drama, Thriller",120 min,"$44,500,000",120.0,44500000.0,0,1,0,0,1,0,0,0,0,0,0,0,2,9.085343881801498,2010,4,17.61099976960838
Return to Oz,1985,6.7,1059.0,"Adventure, Family, Fantasy",109 min,"$25,000,000",109.0,25000000.0,0,0,1,0,0,0,1,1,0,0,0,0,3,6.966024187106113,1980,12,17.034386422832473
Anastasia,1997,7.6,5563.0,"Animation, Family, Fantasy, Adventure",94 min,"$53,000,000",94.0,53000000.0,0,0,1,0,0,0,1,1,0,0,0,1,4,8.624072553043334,1990,9,17.78580249038432
10 Things I Hate About You,1999,7.6,8788.0,"Comedy, Romance, Drama",97 min,"$16,000,000",97.0,16000000.0,0,1,0,1,0,0,0,0,0,1,0,0,3,9.081256218564645,1990,26,16.588099342704055
Highlander,1986,6.9,2859.0,"Adventure, Action, Fantasy",116 min,"$19,000,000",116.0,19000000.0,1,0,1,0,0,0,1,0,0,0,0,0,3,7.958576903813898,1980,10,16.759949589762293
Self/less,2015,6.4,3265.0,"Science Fiction, Action, Thriller",117 min,"$26,000,000",117.0,26000000.0,1,0,0,0,1,1,0,0,0,0,0,0,3,8.09132127353041,2010,9,17.073607134447293
Full Metal Jacket,1987,8.1,11283.0,"Drama, War",117 min,"$30,000,000",117.0,30000000.0,0,1,0,0,0,0,0,0,0,0,0,0,2,9.331141072121888,1980,17,17.216707972959764
Murder on the Orient Express,1974,7.1,1543.0,"Drama, Thriller, Mystery",128 min,"$1,400,000",128.0,1400000.0,0,1,0,0,1,0,0,0,0,0,0,0,3,7.342131730584722,1970,28,14.151983508870947
Boogie Nights,1997,7.6,3489.0,Drama,156 min,"$15,000,000",156.0,15000000.0,0,1,0,0,0,0,0,0,0,0,0,0,1,8.157657015196472,1990,13,16.52356082573315
Grease,1978,7.4,7598.0,"Romance, Comedy",110 min,"$6,000,000",110.0,6000000.0,0,0,0,1,0,0,0,0,0,1,0,0,2,8.935771938669784,1970,6,15.607270193858982
Mamma Mia!,2008,7.0,6922.0,"Comedy, Romance",108 min,"$52,000,000",108.0,52000000.0,0,0,0,1,0,0,0,0,0,1,0,0,2,8.842604480678025,2000,10,17.76675429577647
RRR,2022,7.7,1550.0,"Action, Adventure, Drama",185 min,"$69,000,000",185.0,69000000.0,1,1,1,0,0,0,0,0,0,0,0,0,3,7.346655163176539,2020,3,18.049617077054286
Edward Scissorhands,1990,7.7,13625.0,"Fantasy, Drama, Romance",105 min,"$20,000,000",105.0,20000000.0,0,1,0,0,0,0,1,0,0,1,0,0,3,9.519735011333614,1990,19,16.811242881518265
Infernal Affairs,2002,7.8,1824.0,"Drama, Action, Thriller, Crime, Mystery",101 min,"$6,400,000",101.0,6400000.0,1,1,0,0,1,0,0,0,1,0,0,0,5,7.509335266016592,2000,16,15.671808704579888
The Thing,1982,8.1,7762.0,"Horror, Mystery, Science Fiction",109 min,"$15,000,000",109.0,15000000.0,0,0,0,0,0,1,0,0,0,0,1,0,3,8.95712413640568,1980,9,16.52356082573315
Redeeming Love,2022,7.8,717.0,"Romance, Drama, Western",134 min,"$30,000,000",134.0,30000000.0,0,1,0,0,0,0,0,0,0,1,0,0,3,6.576469569048224,2020,14,17.216707972959764
Ticket to Paradise,2022,6.4,1369.0,"Drama, Comedy, Romance",104 min,"$20,000,000",104.0,20000000.0,0,1,0,1,0,0,0,0,0,1,0,0,3,7.222566018822171,2020,18,16.811242881518265
Tarzan,1999,7.4,7234.0,"Family, Adventure, Animation, Drama, Action",88 min,"$130,000,000",88.0,130000000.0,1,1,1,0,0,0,0,1,0,0,0,1,5,8.886685639065584,1990,6,18.683045016112164
Love Actually,2003,7.1,7299.0,"Comedy, Romance, Drama",135 min,"$40,000,000",135.0,40000000.0,0,1,0,1,0,0,0,0,0,1,0,0,3,8.895629627136483,2000,13,17.50439003707821
Hancock,2008,6.4,10123.0,"Fantasy, Action",92 min,"$150,000,000",92.0,150000000.0,1,0,0,0,0,0,1,0,0,0,0,0,2,9.222664121665014,2000,7,18.826145858727198
All the Right Moves,1983,5.8,291.0,"Romance, Drama",91 min,"$5,600,000",91.0,5600000.0,0,1,0,0,0,0,0,0,0,1,0,0,2,5.676753802268282,1980,19,15.53827733427679
Justice League,2017,6.1,13546.0,"Action, Adventure, Science Fiction",120 min,"$300,000,000",120.0,300000000.0,1,0,1,0,0,1,0,0,0,0,0,0,3,9.513920399580737,2010,14,19.519293035953808
The Hateful Eight,2015,7.8,15096.0,"Drama, Mystery, Western",188 min,"$44,000,000",188.0,44000000.0,0,1,0,0,0,0,0,0,0,0,0,0,3,9.622251327567737,2010,17,17.599700214609808
Hero,2002,7.5,2445.0,"Drama, Adventure, Action, History",99 min,"$31,000,000",99.0,31000000.0,1,1,1,0,0,0,0,0,0,0,0,0,4,7.802209316247118,2000,4,17.249497794707484
Mama,2013,6.3,4366.0,Horror,100 min,"$15,000,000",100.0,15000000.0,0,0,0,0,0,0,0,0,0,0,1,0,1,8.381831553485561,2010,4,16.52356082573315
Past Lives,2023,7.7,2223.0,"Drama, Romance",106 min,"$12,000,000",106.0,12000000.0,0,1,0,0,0,0,0,0,0,1,0,0,2,7.707062655370473,2020,10,16.300417291085605
The First Day of the Rest of Your Life,2008,7.5,498.0,Drama,114 min,"$5,900,000",114.0,5900000.0,0,1,0,0,0,0,0,0,0,0,0,0,1,6.212606095751519,2000,38,15.59046307836746
A Street Cat Named Bob,2016,7.9,1532.0,"Family, Drama",103 min,"$8,000,000",103.0,8000000.0,0,1,0,0,0,0,0,1,0,0,0,0,2,7.334981878871814,2010,22,15.894952224644102
Street Flow,2019,6.9,365.0,"Drama, Crime",95 min,"$2,700,000",95.0,2700000.0,0,1,0,0,0,0,0,0,1,0,0,0,2,5.902633333401366,2010,11,14.80876270134486
Armageddon,1998,6.8,8449.0,"Action, Thriller, Science Fiction, Adventure",151 min,"$140,000,000",151.0,140000000.0,1,0,1,0,1,1,0,0,0,0,0,0,4,9.041921720351219,1990,10,18.757152987716434
Evangelion: 3.0+1.0 Thrice Upon a Time,2021,8.2,919.0,"Animation, Action, Science Fiction, Drama",155 min,"$29,700,000",155.0,29700000.0,1,1,0,0,0,1,0,0,0,0,0,1,4,6.824373670043086,2020,38,17.206657637442962
Sin City,2005,7.5,8708.0,"Crime, Thriller",124 min,"$40,000,000",124.0,40000000.0,0,0,0,0,1,0,0,0,1,0,0,0,2,9.07211225269274,2000,8,17.50439003707821
Identity,2003,7.2,4260.0,"Mystery, Thriller",90 min,"$28,000,000",90.0,28000000.0,0,0,0,0,1,0,0,0,0,0,0,0,2,8.357259153499912,2000,8,17.147715103853763
IF,2024,7.0,1558.0,"Comedy, Fantasy, Family",104 min,"$110,000,000",104.0,110000000.0,0,0,0,1,0,0,1,1,0,0,0,0,3,7.351799869057777,2020,2,18.5159909328476
Dr. Phibes Rises Again,1972,6.3,152.0,"Comedy, Horror",89 min,"$75,000",89.0,75000.0,0,0,0,1,0,0,0,0,0,0,1,0,2,5.030437921392435,1970,22,11.225256725762893
Scooby-Doo,2002,6.1,4716.0,"Mystery, Adventure, Comedy",87 min,"$84,000,000",87.0,84000000.0,0,0,1,1,0,0,0,0,0,0,0,0,3,8.458928283284262,2000,10,18.24632736871235
Heretic,2024,7.0,2521.0,"Thriller, Horror",111 min,"$10,000,000",111.0,10000000.0,0,0,0,0,1,0,0,0,0,0,1,0,2,7.8328075165248645,2020,7,16.118095750958314
Hot Fuzz,2007,7.6,8179.0,"Crime, Action, Comedy",121 min,"$12,000,000",121.0,12000000.0,1,0,0,1,0,0,0,0,1,0,0,0,3,9.009447429596793,2000,8,16.300417291085605
Sweeney Todd: The Demon Barber of Fleet Street,2007,7.2,6259.0,"Drama, Horror",116 min,"$50,000,000",116.0,50000000.0,0,1,0,0,0,0,0,0,0,0,1,0,2,8.741935464094144,2000,46,17.72753358339242
Never Let Go,2024,6.1,559.0,Horror,101 min,"$20,000,000",101.0,20000000.0,0,0,0,0,0,0,0,0,0,0,1,0,1,6.327936783729195,2020,12,16.811242881518265
We're the Millers,2013,6.8,9352.0,"Comedy, Crime",110 min,"$37,000,000",110.0,37000000.0,0,0,0,1,0,0,0,0,1,0,0,0,2,9.143452426434552,2010,17,17.426428497635523
The Predator,2018,5.6,5064.0,"Science Fiction, Action, Thriller",107 min,"$88,000,000",107.0,88000000.0,1,0,0,0,1,1,0,0,0,0,0,0,3,8.530109416682784,2010,12,18.292847383806116
Godzilla,2014,6.4,9642.0,"Action, Drama, Science Fiction",123 min,"$160,000,000",123.0,160000000.0,1,1,0,0,0,1,0,0,0,0,0,0,3,9.173987542510384,2010,8,18.8906843794481
War,2007,6.4,2009.0,"Action, Crime, Thriller",103 min,"$25,000,000",103.0,25000000.0,1,0,0,0,1,0,0,0,1,0,0,0,3,7.605890001053122,2000,3,17.034386422832473
The Social Network,2010,7.4,12980.0,Drama,121 min,"$40,000,000",121.0,40000000.0,0,1,0,0,0,0,0,0,0,0,0,0,1,9.471242028892995,2010,18,17.50439003707821
Star Wars: Episode I - The Phantom Menace,1999,6.6,15619.0,"Adventure, Action, Science Fiction",136 min,"$115,000,000",136.0,115000000.0,1,0,1,0,0,1,0,0,0,0,0,0,3,9.656307423393677,1990,41,18.560442695023177
Kiki's Delivery Service,1989,7.8,4481.0,"Animation, Family, Fantasy, Drama",103 min,"$6,900,000",103.0,6900000.0,0,1,0,0,0,0,1,1,0,0,0,1,4,8.407824654360873,1980,23,15.747032114495013
The Passion of the Christ,2004,7.5,5041.0,Drama,127 min,"$30,000,000",127.0,30000000.0,0,1,0,0,0,0,0,0,0,0,0,0,1,8.525558107747866,2000,25,17.216707972959764
Die Hard 2,1990,7.0,6297.0,"Action, Thriller",124 min,"$70,000,000",124.0,70000000.0,1,0,0,0,1,0,0,0,0,0,0,0,2,8.74798740166097,1990,10,18.064005814299346
Suzume,2022,7.9,1676.0,"Animation, Drama, Adventure, Fantasy",122 min,"$13,000,000",122.0,13000000.0,0,1,1,0,0,0,1,0,0,0,0,1,4,7.424761761823209,2020,6,16.380459992348886
Shadow Force,2025,6.3,274.0,"Action, Thriller",103 min,"$40,000,000",103.0,40000000.0,1,0,0,0,1,0,0,0,0,0,0,0,2,5.616771097666572,2020,12,17.50439003707821
Idiocracy,2006,6.4,3445.0,"Comedy, Science Fiction, Adventure",84 min,"$30,000,000",84.0,30000000.0,0,0,1,1,0,1,0,0,0,0,0,0,3,8.144969417087875,2000,9,17.216707972959764
The Life of Chuck,2025,7.3,920.0,"Fantasy, Drama",111 min,"$25,000,000",111.0,25000000.0,0,1,0,0,0,0,1,0,0,0,0,0,2,6.825460036255307,2020,17,17.034386422832473
How to Steal a Million,1966,7.5,645.0,"Comedy, Crime, Romance",123 min,"$6,400,000",123.0,6400000.0,0,0,0,1,0,0,0,0,1,1,0,0,3,6.470799503782602,1960,22,15.671808704579888
Marvel One-Shot: A Funny Thing Happened on the Way to Thor's Hammer,2011,6.8,536.0,"Science Fiction, Fantasy, Adventure, Action, Comedy",4 min,"$500,000",,500000.0,1,0,1,1,0,1,1,0,0,0,0,0,5,6.285998094508865,2010,67,13.122365377402328
Kraven the Hunter,2024,6.4,2243.0,"Action, Adventure, Thriller",127 min,"$130,000,000",127.0,130000000.0,1,0,1,0,1,0,0,0,0,0,0,0,3,7.716015266642587,2020,17,18.683045016112164
Expend4bles,2023,6.1,1824.0,"Action, Adventure, Thriller",103 min,"$100,000,000",103.0,100000000.0,1,0,1,0,1,0,0,0,0,0,0,0,3,7.509335266016592,2020,11,18.420680753952364
The Summit of the Gods,2021,7.8,401.0,"Animation, Adventure, Mystery",95 min,"$9,850,000",95.0,9850000.0,0,0,1,0,0,0,0,0,0,0,0,1,3,5.996452088619021,2020,22,16.10298211467111
The Usual Suspects,1995,8.2,11224.0,"Drama, Crime, Thriller",106 min,"$6,000,000",106.0,6000000.0,0,1,0,0,1,0,0,0,1,0,0,0,3,9.325898712610455,1990,18,15.607270193858982
Enola Holmes,2020,7.2,6471.0,"Adventure, Mystery, Crime",123 min,"$21,000,000",123.0,21000000.0,0,0,1,0,0,0,0,0,1,0,0,0,3,8.775240458738327,2020,12,16.860033043306743
Final Destination,2000,6.6,6543.0,Horror,98 min,"$23,000,000",98.0,23000000.0,0,0,0,0,0,0,0,0,0,0,1,0,1,8.786303878282583,2000,17,16.951004817371683
Hercules,1997,7.5,7844.0,"Animation, Family, Fantasy, Adventure, Comedy, Romance",93 min,"$85,000,000",93.0,85000000.0,0,0,1,1,0,0,1,1,0,1,0,1,6,8.967631665167133,1990,8,18.258161826219297
Mission: Impossible - Fallout,2018,7.4,9002.0,"Action, Adventure",147 min,"$178,000,000",147.0,178000000.0,1,0,1,0,0,0,0,0,0,0,0,0,2,9.105313134108476,2010,29,18.997294113874336
King Kong,2005,6.9,8385.0,"Adventure, Drama, Action",188 min,"$207,000,000",188.0,207000000.0,1,1,1,0,0,0,0,0,0,0,0,0,3,9.034318927730707,2000,9,19.14822935606056
Castle in the Sky,1986,8.0,4608.0,"Adventure, Fantasy, Animation, Action, Family",125 min,"$3,000,000",125.0,3000000.0,1,0,1,0,0,0,1,1,0,0,0,1,5,8.435766192720509,1980,17,14.914123179965662
Shang-Chi and the Legend of the Ten Rings,2021,7.5,10227.0,"Action, Adventure, Fantasy",132 min,"$150,000,000",132.0,150000000.0,1,0,1,0,0,0,1,0,0,0,0,0,3,9.232884336411077,2020,41,18.826145858727198
American Sniper,2014,7.4,13512.0,"War, Action",133 min,"$58,800,000",133.0,58800000.0,1,0,0,0,0,0,0,0,0,0,0,0,2,9.511407464038086,2010,15,17.889652429875657
There's Something About Mary,1998,6.6,5256.0,"Romance, Comedy",120 min,"$23,000,000",120.0,23000000.0,0,0,0,1,0,0,0,0,0,1,0,0,2,8.567315800819449,1990,28,16.951004817371683
Shelter,2026,6.6,283.0,"Action, Crime, Thriller",108 min,"$50,000,000",108.0,50000000.0,1,0,0,0,1,0,0,0,1,0,0,0,3,5.648974238161206,2020,7,17.72753358339242
Zootopia 2,2025,7.6,2069.0,"Animation, Comedy, Adventure, Family, Mystery",108 min,"$150,000,000",108.0,150000000.0,0,0,1,1,0,0,0,1,0,0,0,1,5,7.635303886259415,2020,10,18.826145858727198
Whistle,2026,6.1,130.0,"Horror, Mystery",100 min,"$2,000,000",100.0,2000000.0,0,0,0,0,0,0,0,0,0,0,1,0,2,4.875197323201151,2020,7,14.508658238524095
Hoppers,2026,7.7,157.0,"Animation, Family, Science Fiction, Comedy, Adventure",105 min,"$150,000,000",105.0,150000000.0,0,0,1,1,0,1,0,1,0,0,0,1,5,5.062595033026967,2020,7,18.826145858727198
Greenland 2: Migration,2026,6.5,586.0,"Adventure, Thriller, Science Fiction",98 min,"$90,000,000",98.0,90000000.0,0,0,1,0,1,1,0,0,0,0,0,0,3,6.375024819828097,2020,22,18.31532023940565
Mercy,2026,7.1,704.0,"Science Fiction, Action, Thriller",100 min,"$60,000,000",100.0,60000000.0,1,0,0,0,1,1,0,0,0,0,0,0,3,6.558197802812269,2020,5,17.909855136853043
The Wrecking Crew,2026,6.9,770.0,"Action, Comedy, Crime, Mystery",125 min,"$78,500,000",125.0,78500000.0,1,0,0,1,0,0,0,0,1,0,0,0,4,6.647688373563329,2020,17,18.17860919549149
Return to Silent Hill,2026,5.1,261.0,"Mystery, Drama, Horror",106 min,"$23,000,000",106.0,23000000.0,0,1,0,0,0,0,0,0,0,0,1,0,3,5.568344503761097,2020,21,16.951004817371683
Avatar: Fire and Ash,2025,7.3,1886.0,"Science Fiction, Adventure, Fantasy",198 min,"$350,000,000",198.0,350000000.0,0,0,1,0,0,1,1,0,0,0,0,0,3,7.54274354536855,2020,20,19.673443715304877
Cold Storage,2026,6.6,149.0,"Horror, Science Fiction, Comedy",99 min,"$10,000,000",99.0,10000000.0,0,0,0,1,0,1,0,0,0,0,1,0,3,5.0106352940962555,2020,12,16.118095750958314
Demon Slayer: Kimetsu no Yaiba Infinity Castle,2025,7.7,762.0,"Animation, Action, Fantasy",156 min,"$20,000,000",156.0,20000000.0,1,0,0,0,0,0,1,0,0,0,0,1,3,6.637258031284457,2020,46,16.811242881518265
Scream 7,2026,5.9,293.0,"Horror, Mystery, Crime",114 min,"$45,000,000",114.0,45000000.0,0,0,0,0,0,0,0,0,1,0,1,0,3,5.683579767338681,2020,8,17.622173069956816
War of the Worlds,2025,4.2,916.0,"Science Fiction, Thriller",91 min,"$10,000,000",91.0,10000000.0,0,0,0,0,1,1,0,0,0,0,0,0,2,6.821107472256465,2020,17,16.118095750958314
The Housemaid,2025,7.3,1480.0,"Drama, Mystery, Thriller",131 min,"$35,000,000",131.0,35000000.0,0,1,0,0,1,0,0,0,0,0,0,0,3,7.300472814267799,2020,13,17.370858648025116
"Good Luck, Have Fun, Don't Die",2026,7.0,101.0,"Science Fiction, Action, Comedy",135 min,"$20,000,000",135.0,20000000.0,1,0,0,1,0,1,0,0,0,0,0,0,3,4.624972813284271,2020,30,16.811242881518265
"""Wuthering Heights""",2026,6.4,489.0,"Romance, Drama",136 min,"$80,000,000",136.0,80000000.0,0,1,0,0,0,0,0,0,0,1,0,0,2,6.194405391104672,2020,19,18.197537205138154
Nobody,2021,7.9,8112.0,"Action, Thriller",91 min,"$16,000,000",91.0,16000000.0,1,0,0,0,1,0,0,0,0,0,0,0,2,9.001222992395064,2020,6,16.588099342704055
Predator: Badlands,2025,7.7,2350.0,"Action, Science Fiction, Adventure",107 min,"$105,000,000",107.0,105000000.0,1,0,1,0,0,1,0,0,0,0,0,0,3,7.762596048540069,2020,18,18.46947091764561
Crime 101,2026,7.0,152.0,"Crime, Thriller",141 min,"$90,000,000",141.0,90000000.0,0,0,0,0,1,0,0,0,1,0,0,0,2,5.030437921392435,2020,9,18.31532023940565
The Rip,2026,7.1,1358.0,"Action, Thriller, Crime",113 min,"$100,000,000",113.0,100000000.0,1,0,0,0,1,0,0,0,1,0,0,0,3,7.214504414151143,2020,7,18.420680753952364
The Bride!,2026,6.3,147.0,"Science Fiction, Horror, Fantasy",126 min,"$80,000,000",126.0,80000000.0,0,0,0,0,0,1,1,0,0,0,1,0,3,4.997212273764115,2020,10,18.197537205138154
Anaconda,2025,5.9,767.0,"Adventure, Comedy, Horror",100 min,"$45,000,000",100.0,45000000.0,0,0,1,1,0,0,0,0,0,0,1,0,3,6.643789733147672,2020,8,17.622173069956816
David,2025,8.1,102.0,"Animation, Family, Drama",109 min,"$60,900,000",109.0,60900000.0,0,1,0,0,0,0,0,1,0,0,0,1,3,4.634728988229636,2020,5,17.924743749100486
xXx,2002,6.0,4818.0,"Action, Adventure, Thriller, Crime, Drama",124 min,"$70,000,000",124.0,70000000.0,1,1,1,0,1,0,0,0,1,0,0,0,5,8.480321716640333,2000,3,18.064005814299346
Wildcat,2025,6.2,132.0,"Action, Thriller",99 min,"$50,000",99.0,50000.0,1,0,0,0,1,0,0,0,0,0,0,0,2,4.890349128221754,2020,7,10.819798284210286
Marty Supreme,2025,7.5,1259.0,Drama,150 min,"$65,000,000",150.0,65000000.0,0,1,0,0,0,0,0,0,0,0,0,0,1,7.138866999945524,2020,13,17.989897843244528
Interstellar,2014,8.5,39102.0,"Adventure, Drama, Science Fiction",169 min,"$165,000,000",169.0,165000000.0,0,1,1,0,0,1,0,0,0,0,0,0,3,10.573954469372852,2010,12,18.92145603792546
One Battle After Another,2025,7.4,3055.0,"Thriller, Crime, Action",162 min,"$175,000,000",162.0,175000000.0,1,0,0,0,1,0,0,0,1,0,0,0,3,8.024862150286411,2020,24,18.980296537602072
Dead End,2003,6.4,588.0,"Mystery, Horror, Thriller",83 min,"$900,000",83.0,900000.0,0,0,0,0,1,0,0,0,0,0,1,0,3,6.3784261836515865,2000,8,13.710151153416941
Now You See Me: Now You Don't,2025,6.5,1210.0,"Thriller, Crime",113 min,"$90,000,000",113.0,90000000.0,0,0,0,0,1,0,0,0,1,0,0,0,2,7.099201743553092,2020,29,18.31532023940565
28 Years Later: The Bone Temple,2026,7.2,798.0,"Horror, Thriller, Science Fiction",109 min,"$63,000,000",109.0,63000000.0,0,0,0,0,1,1,0,0,0,0,1,0,3,6.683360945766275,2020,31,17.958645300228824
GOAT,2026,7.5,103.0,"Animation, Comedy, Family",100 min,"$90,000,000",100.0,90000000.0,0,0,0,1,0,0,0,1,0,0,0,1,3,4.6443908991413725,2020,4,18.31532023940565
The Egyptian,1954,6.4,103.0,"History, Drama",139 min,"$5,000,000",139.0,5000000.0,0,1,0,0,0,0,0,0,0,0,0,0,2,4.6443908991413725,1950,12,15.424948670398354
The Avengers,2012,8.0,36424.0,"Science Fiction, Action, Adventure",143 min,"$220,000,000",143.0,220000000.0,1,0,1,0,0,1,0,0,0,0,0,0,3,10.503010631063406,2010,12,19.20913810886209
Hamnet,2025,7.7,969.0,"Drama, Romance, History",126 min,"$35,000,000",126.0,35000000.0,0,1,0,0,0,0,0,0,0,1,0,0,3,6.877296071497429,2020,6,17.370858648025116
KPop Demon Hunters,2025,8.1,2496.0,"Fantasy, Music, Comedy, Animation",96 min,"$100,000,000",96.0,100000000.0,0,0,0,1,0,0,1,0,0,0,0,1,4,7.822845290279774,2020,18,18.420680753952364
The Godfather,1972,8.7,22584.0,"Drama, Crime",175 min,"$6,000,000",175.0,6000000.0,0,1,0,0,0,0,0,0,1,0,0,0,2,10.025041248088705,1970,13,15.607270193858982
Sinners,2025,7.5,3930.0,"Horror, Action, Thriller",138 min,"$90,000,000",138.0,90000000.0,1,0,0,0,1,0,0,0,0,0,1,0,3,8.27664912542186,2020,7,18.31532023940565
The Shawshank Redemption,1994,8.7,29904.0,"Drama, Crime",142 min,"$25,000,000",142.0,25000000.0,0,1,0,0,0,0,0,0,1,0,0,0,2,10.305780969478658,1990,24,17.034386422832473
Troll 2,2025,6.5,428.0,"Action, Fantasy, Thriller",102 min,"$11,200,000",102.0,11200000.0,1,0,0,0,1,0,1,0,0,0,0,0,3,6.061456918928017,2020,7,16.231424425551033
Frankenstein,2025,7.7,3094.0,"Drama, Fantasy, Horror",150 min,"$120,000,000",150.0,120000000.0,0,1,0,0,0,0,1,0,0,0,1,0,3,8.037543185118697,2020,12,18.603002309079653
Swing Vote,2008,5.7,272.0,"Comedy, Drama",120 min,"$21,000,000",120.0,21000000.0,0,1,0,1,0,0,0,0,0,0,0,0,2,5.60947179518496,2000,10,16.860033043306743
Pirates of the Caribbean: The Curse of the Black Pearl,2003,7.8,21959.0,"Adventure, Fantasy, Action",143 min,"$140,000,000",143.0,140000000.0,1,0,1,0,0,0,1,0,0,0,0,0,3,9.996977895623466,2000,54,18.757152987716434
The Running Man,2025,6.8,1254.0,"Action, Thriller, Science Fiction",133 min,"$110,000,000",133.0,110000000.0,1,0,0,0,1,1,0,0,0,0,0,0,3,7.134890851565884,2020,15,18.5159909328476
Psycho III,1986,5.7,422.0,"Horror, Mystery, Thriller",93 min,"$8,400,000",93.0,8400000.0,0,0,0,0,1,0,0,0,0,0,1,0,3,6.0473721790462776,1980,10,15.943742382861155
The Courier,2012,4.8,130.0,"Action, Crime",91 min,"$15,500,000",91.0,15500000.0,1,0,0,0,0,0,0,0,1,0,0,0,2,4.875197323201151,2010,11,16.5563506464056
F1,2025,7.8,3534.0,"Action, Drama",156 min,"$250,000,000",156.0,250000000.0,1,1,0,0,0,0,0,0,0,0,0,0,2,8.170468578330674,2020,2,19.33697147982652
Chainsaw Man - The Movie: Reze Arc,2025,8.3,752.0,"Animation, Action, Romance, Fantasy",99 min,"$4,100,000",99.0,4100000.0,1,0,0,0,0,0,1,0,0,1,0,1,4,6.6240652277998935,2020,34,15.226497775576945
Family Plot,1976,6.8,492.0,"Comedy, Crime, Thriller, Mystery",120 min,"$4,500,000",120.0,4500000.0,0,0,0,1,1,0,0,0,1,0,0,0,4,6.20050917404269,1970,11,15.319588176962746
Amelia,2009,5.7,252.0,"Adventure, Drama, History",111 min,"$40,000,000",111.0,40000000.0,0,1,1,0,0,0,0,0,0,0,0,0,3,5.53338948872752,2000,6,17.50439003707821
Doomsday,2008,5.9,1369.0,"Action, Thriller, Science Fiction",108 min,"$30,000,000",108.0,30000000.0,1,0,0,0,1,1,0,0,0,0,0,0,3,7.222566018822171,2000,8,17.216707972959764
Jurassic World Rebirth,2025,6.3,3101.0,"Science Fiction, Adventure, Action",134 min,"$180,000,000",134.0,180000000.0,1,0,1,0,0,1,0,0,0,0,0,0,3,8.039802343736485,2020,22,19.00846741441004
Scary Movie,2000,6.4,7592.0,Comedy,88 min,"$19,000,000",88.0,19000000.0,0,0,0,1,0,0,0,0,0,0,0,0,1,8.934982049213234,2000,11,16.759949589762293
The Dark Knight,2008,8.5,35317.0,"Action, Crime, Thriller",152 min,"$185,000,000",152.0,185000000.0,1,0,0,0,1,0,0,0,1,0,0,0,3,10.47214802797307,2000,15,19.035866388448003
Send Help,2026,7.1,360.0,"Horror, Thriller, Comedy",113 min,"$40,000,000",113.0,40000000.0,0,0,0,1,1,0,0,0,0,0,1,0,3,5.8888779583328805,2020,9,17.50439003707821
Superman,2025,7.4,4458.0,"Science Fiction, Adventure, Action",130 min,"$225,000,000",130.0,225000000.0,1,0,1,0,0,1,0,0,0,0,0,0,3,8.402679804627477,2020,8,19.23161096461314
Inception,2010,8.4,38833.0,"Action, Science Fiction, Adventure",148 min,"$160,000,000",148.0,160000000.0,1,0,1,0,0,1,0,0,0,0,0,0,3,10.567051430554399,2010,9,18.8906843794481
Dracula,2025,7.1,938.0,"Horror, Fantasy, Romance",130 min,"$52,000,000",130.0,52000000.0,0,0,0,0,0,0,1,0,0,1,1,0,3,6.844815479208263,2020,7,17.76675429577647
TRON: Ares,2025,6.5,1251.0,"Science Fiction, Adventure, Action",119 min,"$220,000,000",119.0,220000000.0,1,0,1,0,0,1,0,0,0,0,0,0,3,7.132497551660044,2020,10,19.20913810886209
The Experiment,2010,6.4,1290.0,"Thriller, Drama",96 min,"$21,800,000",96.0,21800000.0,0,1,0,0,1,0,0,0,0,0,0,0,2,7.1631723908466425,2010,14,16.897420573630875
The Conjuring: The Devil Made Me Do It,2021,7.4,6439.0,"Horror, Mystery, Thriller",111 min,"$39,000,000",111.0,39000000.0,0,0,0,0,1,0,0,0,0,0,1,0,3,8.770283819098399,2020,38,17.479072229734946
The SpongeBob Movie: Search for SquarePants,2025,6.8,231.0,"Animation, Family, Comedy, Adventure, Fantasy",88 min,"$64,000,000",88.0,64000000.0,0,0,1,1,0,0,1,1,0,0,0,1,5,5.44673737166631,2020,43,17.974393656948944
Avatar,2009,7.6,33596.0,"Action, Adventure, Science Fiction",162 min,"$237,000,000",162.0,237000000.0,1,0,1,0,0,1,0,0,0,0,0,0,3,10.422192056250804,2000,6,19.283570703318816
Parasite,2019,8.5,20263.0,"Comedy, Thriller, Drama",133 min,"$11,363,000",133.0,11363000.0,0,1,0,1,1,0,0,0,0,0,0,0,3,9.916601191681512,2010,8,16.24587310890507
Five Nights at Freddy's 2,2025,6.7,805.0,"Horror, Thriller",104 min,"$36,000,000",104.0,36000000.0,0,0,0,0,1,0,0,0,0,0,1,0,2,6.692083742506628,2020,25,17.399029524198163
Avengers: Infinity War,2018,8.2,31590.0,"Adventure, Action, Science Fiction",149 min,"$300,000,000",149.0,300000000.0,1,0,1,0,0,1,0,0,0,0,0,0,3,10.360627548882315,2010,22,19.519293035953808
Spirited Away,2001,8.5,18050.0,"Animation, Family, Fantasy",125 min,"$19,000,000",125.0,19000000.0,0,0,0,0,0,0,1,1,0,0,0,1,3,9.800956363888462,2000,13,16.759949589762293
The Lord of the Rings: The Fellowship of the Ring,2001,8.4,27142.0,"Adventure, Fantasy, Action",179 min,"$93,000,000",179.0,93000000.0,1,0,1,0,0,0,1,0,0,0,0,0,3,10.208874465231354,2000,49,18.34811006187022
Razorback,1984,5.9,209.0,"Horror, Thriller",95 min,"$5,500,000",95.0,5500000.0,0,0,0,0,1,0,0,0,0,0,1,0,2,5.3471075307174685,1980,9,15.520258832020865
The Fantastic 4: First Steps,2025,7.0,3074.0,"Science Fiction, Adventure, Action",115 min,"$200,000,000",115.0,200000000.0,1,0,1,0,0,1,0,0,0,0,0,0,3,8.031060180240619,2020,28,19.11382792951231
The Lord of the Rings: The Return of the King,2003,8.5,26153.0,"Adventure, Fantasy, Action",201 min,"$94,000,000",201.0,94000000.0,1,0,1,0,0,0,1,0,0,0,0,0,3,10.171757421466447,2000,45,18.358805350872576
28 Weeks Later,2007,6.6,5407.0,"Horror, Thriller, Science Fiction",99 min,"$15,000,000",99.0,15000000.0,0,0,0,0,1,1,0,0,0,0,1,0,3,8.5956346177228,2000,14,16.52356082573315
Wicked: For Good,2025,6.6,865.0,"Fantasy, Adventure, Romance",137 min,"$150,000,000",137.0,150000000.0,0,0,1,0,0,0,1,0,0,1,0,0,3,6.763884908562435,2020,16,18.826145858727198
Nobody 2,2025,7.0,1330.0,"Action, Thriller",89 min,"$25,000,000",89.0,25000000.0,1,0,0,0,1,0,0,0,0,0,0,0,2,7.193685818395112,2020,8,17.034386422832473
Lethal Weapon 3,1992,6.7,3159.0,"Action, Thriller, Crime",118 min,"$35,000,000",118.0,35000000.0,1,0,0,0,1,0,0,0,1,0,0,0,3,8.058327306580958,1990,15,17.370858648025116
Forrest Gump,1994,8.5,29364.0,"Comedy, Drama, Romance",142 min,"$55,000,000",142.0,55000000.0,0,1,0,1,0,0,0,0,0,1,0,0,3,10.28755876795662,1990,12,17.822843761378564
Titanic,1997,7.9,26876.0,"Drama, Romance",194 min,"$200,000,000",194.0,200000000.0,0,1,0,0,0,0,0,0,0,1,0,0,2,10.199026181265689,1990,7,19.11382792951231
The Wedding Ringer,2015,6.5,1672.0,Comedy,101 min,"$23,000,000",101.0,23000000.0,0,0,0,1,0,0,0,0,0,0,0,0,1,7.422373700986824,2010,18,16.951004817371683
Home Sweet Hell,2015,5.4,494.0,"Comedy, Thriller",98 min,"$3,000,000",98.0,3000000.0,0,0,0,1,1,0,0,0,0,0,0,0,2,6.20455776256869,2010,15,14.914123179965662
Pulp Fiction,1994,8.5,29820.0,"Thriller, Crime, Comedy",154 min,"$8,000,000",154.0,8000000.0,0,0,0,1,1,0,0,0,1,0,0,0,3,10.302968122297036,1990,12,15.894952224644102
The Masque of the Red Death,1964,6.6,354.0,"Drama, Horror",90 min,"$1,000,000",90.0,1000000.0,0,1,0,0,0,0,0,0,0,0,1,0,2,5.872117789475416,1960,27,13.815511557963774
Zootopia,2016,7.8,17792.0,"Animation, Adventure, Family, Comedy",109 min,"$150,000,000",109.0,150000000.0,0,0,1,1,0,0,0,1,0,0,0,1,4,9.786560400506836,2010,8,18.826145858727198
Lost in Translation,2003,7.4,7944.0,"Drama, Comedy, Romance",102 min,"$4,000,000",102.0,4000000.0,0,1,0,1,0,0,0,0,0,1,0,0,3,8.980298078970817,2000,19,15.201805169084134
The Equalizer 3,2023,7.3,3597.0,"Action, Thriller, Crime",109 min,"$70,000,000",109.0,70000000.0,1,0,0,0,1,0,0,0,1,0,0,0,3,8.188133414510478,2020,15,18.064005814299346
Sisu: Road to Revenge,2025,7.3,594.0,"Action, War",89 min,"$12,200,000",89.0,12200000.0,1,0,0,0,0,0,0,0,0,0,0,0,2,6.38856140554563,2020,21,16.316946591670696
Primate,2026,6.5,467.0,"Horror, Thriller",89 min,"$21,000,000",89.0,21000000.0,0,0,0,0,1,0,0,0,0,0,1,0,2,6.148468295917647,2020,7,16.860033043306743
Mission: Impossible - The Final Reckoning,2025,7.2,2628.0,"Action, Thriller, Adventure",170 min,"$400,000,000",170.0,400000000.0,1,0,1,0,1,0,0,0,0,0,0,0,3,7.874358824729881,2020,41,19.806975107572256
Escape from L.A.,1996,5.9,1569.0,"Action, Science Fiction, Thriller",101 min,"$50,000,000",101.0,50000000.0,1,0,0,0,1,1,0,0,0,0,0,0,3,7.358830898342354,1990,16,17.72753358339242
Ocean's Twelve,2004,6.6,7780.0,"Thriller, Crime",125 min,"$110,000,000",125.0,110000000.0,0,0,0,0,1,0,0,0,1,0,0,0,2,8.95944014361693,2000,14,18.5159909328476
Picnic at Hanging Rock,1975,7.2,870.0,"Drama, Mystery",107 min,"$460,000",107.0,460000.0,0,1,0,0,0,0,0,0,0,0,0,0,2,6.769641976852503,1970,22,13.038983942375959
The Super Mario Bros. Movie,2023,7.6,10332.0,"Family, Comedy, Adventure, Animation, Fantasy",93 min,"$100,000,000",93.0,100000000.0,0,0,1,1,0,0,1,1,0,0,0,1,5,9.243097936214355,2020,27,18.420680753952364
Avatar: The Way of Water,2022,7.6,13823.0,"Action, Adventure, Science Fiction",192 min,"$350,000,000",192.0,350000000.0,1,0,1,0,0,1,0,0,0,0,0,0,3,9.534161491043838,2020,24,19.673443715304877
The Shop Around the Corner,1940,8.1,818.0,"Comedy, Drama, Romance",99 min,"$500,000",99.0,500000.0,0,1,0,1,0,0,0,0,0,1,0,0,3,6.70808408385307,1940,26,13.122365377402328
The Faculty,1998,6.6,2193.0,"Horror, Science Fiction",104 min,"$15,000,000",104.0,15000000.0,0,0,0,0,0,1,0,0,0,0,1,0,2,7.693481640835175,1990,11,16.52356082573315
Curse of Chucky,2013,5.9,1681.0,"Horror, Thriller",97 min,"$5,000,000",97.0,5000000.0,0,0,0,0,1,0,0,0,0,0,1,0,2,7.427738840532894,2010,15,15.424948670398354
Deadpool & Wolverine,2024,7.6,8350.0,"Action, Comedy, Science Fiction",128 min,"$200,000,000",128.0,200000000.0,1,0,0,1,0,1,0,0,0,0,0,0,3,9.03013657115323,2020,20,19.11382792951231
Wrong Turn 3: Left for Dead,2009,5.7,1252.0,"Horror, Thriller",91 min,"$3,000,000",91.0,3000000.0,0,0,0,0,1,0,0,0,0,0,1,0,2,7.133295954896068,2000,27,14.914123179965662
I Swear,2025,8.3,106.0,"Drama, History",121 min,"$6,000,000",121.0,6000000.0,0,1,0,0,0,0,0,0,0,0,0,0,2,4.672828834461906,2020,7,15.607270193858982
The Matrix,1999,8.2,27504.0,"Action, Science Fiction",136 min,"$63,000,000",136.0,63000000.0,1,0,0,0,0,1,0,0,0,0,0,0,2,10.222123085309558,1990,10,17.958645300228824
How to Train Your Dragon,2025,7.9,2657.0,"Fantasy, Family, Action, Adventure",125 min,"$150,000,000",125.0,150000000.0,1,0,1,0,0,0,1,1,0,0,0,0,4,7.885329239273191,2020,24,18.826145858727198
Nuremberg,2025,7.3,694.0,"History, Drama",149 min,"$11,800,000",149.0,11800000.0,0,1,0,0,0,0,0,0,0,0,0,0,2,6.543911845564792,2020,9,16.283610174181653
The Godfather Part II,1974,8.6,13678.0,"Drama, Crime",202 min,"$13,000,000",202.0,13000000.0,0,1,0,0,0,0,0,0,1,0,0,0,2,9.523617089089445,1970,21,16.380459992348886
The Hitman's Bodyguard,2017,6.9,6572.0,"Action, Comedy, Crime, Thriller",118 min,"$30,000,000",118.0,30000000.0,1,0,0,1,1,0,0,0,1,0,0,0,4,8.790725628263576,2010,22,17.216707972959764
City of Angels,1998,6.8,2307.0,"Romance, Drama, Fantasy",114 min,"$55,000,000",114.0,55000000.0,0,1,0,0,0,0,1,0,0,1,0,0,3,7.744136627627991,1990,14,17.822843761378564
We Bought a Zoo,2011,6.8,2899.0,"Drama, Comedy, Family",124 min,"$50,000,000",124.0,50000000.0,0,1,0,1,0,0,0,1,0,0,0,0,3,7.9724660159745655,2010,15,17.72753358339242
GoodFellas,1990,8.5,14099.0,"Drama, Crime",145 min,"$25,000,000",145.0,25000000.0,0,1,0,0,0,0,0,0,1,0,0,0,2,9.55393007636626,1990,10,17.034386422832473
Bugonia,2025,7.3,1604.0,"Science Fiction, Thriller, Comedy",119 min,"$50,000,000",119.0,50000000.0,0,0,0,1,1,1,0,0,0,0,0,0,3,7.380879035564116,2020,7,17.72753358339242
Never Back Down 2: The Beatdown,2011,6.5,686.0,"Drama, Action",99 min,"$3,000,000",99.0,3000000.0,1,1,0,0,0,0,0,0,0,0,0,0,2,6.532334292222349,2010,31,14.914123179965662
Prisoner of War,2025,7.1,158.0,"Action, War, Thriller, History",113 min,"$2,000,000",113.0,2000000.0,1,0,0,0,1,0,0,0,0,0,0,0,4,5.0689042022202315,2020,15,14.508658238524095
Sentimental Value,2025,7.5,672.0,Drama,133 min,"$7,800,000",133.0,7800000.0,0,1,0,0,0,0,0,0,0,0,0,0,1,6.511745329644728,2020,17,15.86963441986494
The Secret Agent,2025,7.4,487.0,"Crime, Drama, Thriller",161 min,"$5,000,000",161.0,5000000.0,0,1,0,0,1,0,0,0,1,0,0,0,3,6.1903154058531475,2020,16,15.424948670398354
The Hand That Rocks the Cradle,1992,6.9,990.0,"Drama, Thriller",110 min,"$11,700,000",110.0,11700000.0,0,1,0,0,1,0,0,0,0,0,0,0,2,6.898714534329988,1990,30,16.275099485238066
Shrek,2001,7.8,18484.0,"Animation, Comedy, Fantasy, Adventure, Family",90 min,"$60,000,000",90.0,60000000.0,0,0,1,1,0,0,1,1,0,0,0,1,5,9.824714871370732,2000,5,17.909855136853043
The Bad Guys 2,2025,7.7,697.0,"Family, Comedy, Crime, Adventure, Animation",104 min,"$80,000,000",104.0,80000000.0,0,0,1,1,0,0,0,1,1,0,0,1,5,6.548219102762372,2020,14,18.197537205138154
Your Name.,2016,8.5,12346.0,"Animation, Romance, Drama",106 min,"$7,500,000",106.0,7500000.0,0,1,0,0,0,0,0,0,0,1,0,1,3,9.421168397567744,2010,10,15.830413711839864
City of Ember,2008,6.3,1860.0,"Adventure, Family, Fantasy",95 min,"$55,000,000",95.0,55000000.0,0,0,1,0,0,0,1,1,0,0,0,0,3,7.528869256642251,2000,13,17.822843761378564
Ballerina,2025,7.3,2396.0,"Action, Thriller, Crime",125 min,"$90,000,000",125.0,90000000.0,1,0,0,0,1,0,0,0,1,0,0,0,3,7.781973234434385,2020,9,18.31532023940565
Detective Dee and the Mystery of the Phantom Flame,2010,6.5,425.0,"Action, Adventure, Drama, Mystery",123 min,"$13,000,000",123.0,13000000.0,1,1,1,0,0,0,0,0,0,0,0,0,4,6.054439346269371,2010,50,16.380459992348886
A Working Man,2025,6.7,1806.0,"Action, Crime, Thriller",116 min,"$40,000,000",116.0,40000000.0,1,0,0,0,1,0,0,0,1,0,0,0,3,7.499423290592229,2020,13,17.50439003707821
Spider-Man: No Way Home,2021,7.9,21656.0,"Action, Adventure, Science Fiction",148 min,"$200,000,000",148.0,200000000.0,1,0,1,0,0,1,0,0,0,0,0,0,3,9.983084006807271,2020,23,19.11382792951231
The Hunt for Red October,1990,7.4,3564.0,"Action, Thriller",135 min,"$30,000,000",135.0,30000000.0,1,0,0,0,1,0,0,0,0,0,0,0,2,8.178919332848396,1990,24,17.216707972959764
Scream,1996,7.4,7763.0,"Crime, Horror, Mystery",112 min,"$14,000,000",112.0,14000000.0,0,0,0,0,0,0,0,0,1,0,1,0,3,8.957252944288902,1990,6,16.454567959008102
Fight Club,1999,8.4,31595.0,"Drama, Thriller",139 min,"$63,000,000",139.0,63000000.0,0,1,0,0,1,0,0,0,0,0,0,0,2,10.36078580928431,1990,10,17.958645300228824
The Sixth Sense,1999,7.9,12641.0,"Mystery, Thriller, Drama",107 min,"$40,000,000",107.0,40000000.0,0,1,0,0,1,0,0,0,0,0,0,0,3,9.444779883032243,1990,15,17.50439003707821
The Green Mile,1999,8.5,18945.0,"Fantasy, Drama, Crime",189 min,"$60,000,000",189.0,60000000.0,0,1,0,0,0,0,1,0,1,0,0,0,3,9.84934810643548,1990,14,17.909855136853043
A Minecraft Movie,2025,6.3,2841.0,"Family, Fantasy, Comedy, Adventure",101 min,"$150,000,000",101.0,150000000.0,0,0,1,1,0,0,1,1,0,0,0,0,4,7.952263308657046,2020,17,18.826145858727198
Police Story 2,1988,7.1,610.0,"Action, Crime, Thriller",105 min,"$750,000",105.0,750000.0,1,0,0,0,1,0,0,0,1,0,0,0,3,6.415096959171596,1980,14,13.527829818844937
Howl's Moving Castle,2004,8.4,10882.0,"Fantasy, Animation, Adventure",119 min,"$24,000,000",119.0,24000000.0,0,0,1,0,0,0,1,0,0,0,0,1,3,9.294957217696062,2000,20,16.993564429978885
Ne Zha 2,2025,8.1,613.0,"Animation, Fantasy, Adventure, Action",144 min,"$80,000,000",144.0,80000000.0,1,0,1,0,0,0,1,0,0,0,0,1,4,6.419994928147142,2020,8,18.197537205138154
Joker,2019,8.1,27411.0,"Crime, Thriller, Drama",122 min,"$55,000,000",122.0,55000000.0,0,1,0,0,1,0,0,0,1,0,0,0,3,10.218736152705715,2010,5,17.822843761378564
A Night at the Roxbury,1998,6.5,981.0,"Comedy, Romance",82 min,"$17,000,000",82.0,17000000.0,0,0,0,1,0,0,0,0,0,1,0,0,2,6.889591308354466,1990,22,16.648723960844016
Barbie,2023,6.9,10853.0,"Comedy, Adventure",114 min,"$145,000,000",114.0,145000000.0,0,0,1,1,0,0,0,0,0,0,0,0,2,9.29228895462335,2020,6,18.7922443072814
Schindler's List,1993,8.6,17200.0,"Drama, History, War",195 min,"$22,000,000",195.0,22000000.0,0,1,0,0,0,0,0,0,0,0,0,0,3,9.75272280064639,1990,16,16.906553056777135
Top Gun: Maverick,2022,8.2,10657.0,"Action, Drama",131 min,"$170,000,000",131.0,170000000.0,1,1,0,0,0,0,0,0,0,0,0,0,2,9.274066062856727,2020,17,18.951309000896888
People We Meet on Vacation,2026,7.0,497.0,"Romance, Comedy, Drama",116 min,"$1,000,000",116.0,1000000.0,0,1,0,1,0,0,0,0,0,1,0,0,3,6.210600077024653,2020,26,13.815511557963774
Harry Potter and the Philosopher's Stone,2001,7.9,29253.0,"Adventure, Fantasy",152 min,"$125,000,000",152.0,125000000.0,0,0,1,0,0,0,1,0,0,0,0,0,2,10.283771595447034,2000,40,18.643824303266577
Fire in the Sky,1993,6.6,673.0,"Science Fiction, Mystery, Thriller",109 min,"$15,000,000",109.0,15000000.0,0,0,0,0,1,1,0,0,0,0,0,0,3,6.513230110912307,1990,15,16.52356082573315
Se7en,1995,8.4,22753.0,"Crime, Mystery, Thriller",127 min,"$33,000,000",127.0,33000000.0,0,0,0,0,1,0,0,0,1,0,0,0,3,10.032496233099662,1990,5,17.312018149733785
The Sisterhood of the Traveling Pants,2005,6.5,1339.0,"Drama, Comedy, Romance",119 min,"$25,000,000",119.0,25000000.0,0,1,0,1,0,0,0,0,0,1,0,0,3,7.200424892944957,2000,37,17.034386422832473
The Batman,2022,7.7,11684.0,"Crime, Mystery, Thriller",177 min,"$185,000,000",177.0,185000000.0,0,0,0,0,1,0,0,0,1,0,0,0,3,9.366061246972958,2020,10,19.035866388448003
Reign of Fire,2002,6.2,2408.0,"Adventure, Action, Fantasy",101 min,"$60,000,000",101.0,60000000.0,1,0,1,0,0,0,1,0,0,0,0,0,3,7.786967002614872,2000,13,17.909855136853043
Scary Movie 2,2001,5.8,5040.0,Comedy,82 min,"$45,000,000",82.0,45000000.0,0,0,0,1,0,0,0,0,0,0,0,0,1,8.525359754082631,2000,13,17.622173069956816
Far and Away,1992,6.8,1280.0,"Adventure, Drama, Romance, Western",140 min,"$60,000,000",140.0,60000000.0,0,1,1,0,0,0,0,0,0,1,0,0,4,7.155396301896734,1990,12,17.909855136853043
Marked for Death,1990,6.1,578.0,"Action, Crime, Drama, Thriller",93 min,"$12,000,000",93.0,12000000.0,1,1,0,0,1,0,0,0,1,0,0,0,4,6.361302477572996,1990,16,16.300417291085605
The Unbearable Lightness of Being,1988,6.9,506.0,"Drama, Romance",171 min,"$17,000,000",171.0,17000000.0,0,1,0,0,0,0,0,0,0,1,0,0,2,6.2285110035911835,1980,33,16.648723960844016
Oppenheimer,2023,8.0,11464.0,"Drama, History",181 min,"$100,000,000",181.0,100000000.0,0,1,0,0,0,0,0,0,0,0,0,0,2,9.347054195292005,2020,11,18.420680753952364
Spider-Man: Across the Spider-Verse,2023,8.3,8339.0,"Animation, Action, Adventure, Science Fiction",140 min,"$100,000,000",140.0,100000000.0,1,0,1,0,0,1,0,0,0,0,0,1,4,9.028818495352793,2020,35,18.420680753952364
Wild at Heart,1990,7.0,1869.0,"Crime, Thriller, Romance",125 min,"$9,500,000",125.0,9500000.0,0,0,0,0,1,0,0,0,1,1,0,0,3,7.533693709848633,1990,13,16.066802461833923
The Thirteenth Floor,1999,7.0,1479.0,"Thriller, Science Fiction, Mystery",100 min,"$16,000,000",100.0,16000000.0,0,0,0,0,1,1,0,0,0,0,0,0,3,7.299797366758161,1990,20,16.588099342704055
Inside Out 2,2024,7.5,6514.0,"Animation, Adventure, Comedy, Family",97 min,"$200,000,000",97.0,200000000.0,0,0,1,1,0,0,0,1,0,0,0,1,4,8.781862489558945,2020,12,19.11382792951231
The Serpent and the Rainbow,1988,6.4,541.0,"Horror, Thriller",98 min,"$11,000,000",98.0,11000000.0,0,0,0,0,1,0,0,0,0,0,1,0,2,6.295266001439646,1980,27,16.213405921671733
Dune: Part Two,2024,8.1,7617.0,"Science Fiction, Adventure",167 min,"$190,000,000",167.0,190000000.0,0,0,1,0,0,1,0,0,0,0,0,0,2,8.938269147038548,2020,14,19.06253463538792
DuckTales: The Movie - Treasure of the Lost Lamp,1990,6.7,918.0,"Adventure, Animation, Family, Comedy, Fantasy",74 min,"$20,000,000",74.0,20000000.0,0,0,1,1,0,0,1,1,0,0,0,1,5,6.823286122355687,1990,48,16.811242881518265
The Land Before Time,1988,7.1,2701.0,"Family, Animation, Adventure",69 min,"$12,500,000",69.0,12500000.0,0,0,1,0,0,0,0,1,0,0,0,1,3,7.9017475185201445,1980,20,16.341239282272525
Jaws 3-D,1983,4.5,1396.0,"Thriller, Horror",98 min,"$20,500,000",98.0,20500000.0,0,0,0,0,1,0,0,0,0,0,1,0,2,7.242082359256962,1980,8,16.835935492889124
Spider-Man,2002,7.3,20381.0,"Action, Science Fiction",121 min,"$139,000,000",121.0,139000000.0,1,0,0,0,0,1,0,0,0,0,0,0,2,9.922407437388639,2000,10,18.749984498289212
The Naked Gun,2025,6.4,1521.0,"Action, Comedy, Crime",85 min,"$42,000,000",85.0,42000000.0,1,0,0,1,0,0,0,0,1,0,0,0,3,7.3277805384216315,2020,13,17.553180200057167
Lilo & Stitch,2025,7.2,2062.0,"Family, Science Fiction, Comedy",108 min,"$100,000,000",108.0,100000000.0,0,0,0,1,0,1,0,1,0,0,0,0,3,7.631916513071252,2020,13,18.420680753952364
Tomorrow Never Dies,1997,6.4,3372.0,"Adventure, Action, Thriller",119 min,"$110,000,000",119.0,110000000.0,1,0,1,0,1,0,0,0,0,0,0,0,3,8.12355783506165,1990,19,18.5159909328476
Melania,2026,3.3,100.0,Documentary,104 min,"$40,000,000",104.0,40000000.0,0,0,0,0,0,0,0,0,0,0,0,0,1,4.61512051684126,2020,7,17.50439003707821
Bad Lieutenant: Port of Call - New Orleans,2009,6.2,1238.0,"Drama, Crime",122 min,"$25,000,000",122.0,25000000.0,0,1,0,0,0,0,0,0,1,0,0,0,2,7.122059881629142,2000,42,17.034386422832473
The NeverEnding Story II: The Next Chapter,1990,5.8,869.0,"Family, Fantasy, Adventure, Drama",89 min,"$32,000,000",89.0,32000000.0,0,1,1,0,0,0,1,1,0,0,0,0,4,6.76849321164863,1990,42,17.281246492014
Bud Abbott and Lou Costello Meet the Invisible Man,1951,6.3,114.0,"Horror, Comedy, Science Fiction",83 min,"$627,000",83.0,627000.0,0,0,0,1,0,1,0,0,0,0,1,0,3,4.74493212836325,1950,50,13.348703414510117
Fast X,2023,7.0,6228.0,"Action, Crime, Thriller",142 min,"$340,000,000",142.0,340000000.0,1,0,0,0,1,0,0,0,1,0,0,0,3,8.736971085254146,2020,6,19.644456178515657
The League of Extraordinary Gentlemen,2003,6.0,4288.0,"Fantasy, Action, Thriller, Science Fiction",110 min,"$78,000,000",110.0,78000000.0,1,0,0,0,1,1,1,0,0,0,0,0,4,8.36380888451688,2000,37,18.17221939747438
Day of the Dead,1985,7.0,1358.0,"Horror, Drama, Mystery",101 min,"$3,750,000",101.0,3750000.0,0,1,0,0,0,0,0,0,0,0,1,0,3,7.214504414151143,1980,15,15.137266664613225
The Gorge,2025,7.6,3495.0,"Romance, Science Fiction, Thriller",128 min,"$70,000,000",128.0,70000000.0,0,0,0,0,1,1,0,0,0,1,0,0,3,8.159374736775426,2020,9,18.064005814299346
Step Up 3D,2010,6.8,1972.0,"Drama, Romance",107 min,"$30,000,000",107.0,30000000.0,0,1,0,0,0,0,0,0,0,1,0,0,2,7.587310506022615,2010,10,17.216707972959764
Toy Story,1995,8.0,19632.0,"Family, Comedy, Animation, Adventure",81 min,"$30,000,000",81.0,30000000.0,0,0,1,1,0,0,0,1,0,0,0,1,4,9.884967102898749,1990,9,17.216707972959764
The Quick and the Dead,1995,6.5,1913.0,"Western, Action, Drama, Romance, Thriller",107 min,"$35,000,000",107.0,35000000.0,1,1,0,0,1,0,0,0,0,1,0,0,5,7.5569505720129,1990,22,17.370858648025116
"The Good, the Bad and the Ugly",1966,8.5,9478.0,Western,161 min,"$1,200,000",161.0,1200000.0,0,0,0,0,0,0,0,0,0,0,0,0,1,9.156834104453042,1960,30,13.997832948091215
Blade Runner 2049,2017,7.6,14871.0,"Science Fiction, Drama",164 min,"$150,000,000",164.0,150000000.0,0,1,0,0,0,1,0,0,0,0,0,0,2,9.60723552940128,2010,17,18.826145858727198
Murder by Numbers,2002,6.2,1144.0,"Crime, Drama, Thriller",120 min,"$50,000,000",120.0,50000000.0,0,1,0,0,1,0,0,0,1,0,0,0,3,7.0431599159883405,2000,17,17.72753358339242
Dhurandhar,2025,6.9,214.0,"Action, Crime, Thriller",212 min,"$22,500,000",212.0,22500000.0,1,0,0,0,1,0,0,0,1,0,0,0,3,5.3706380281276624,2020,10,16.929025911619092
Dune,2021,7.8,14553.0,"Science Fiction, Adventure",155 min,"$165,000,000",155.0,165000000.0,0,0,1,0,0,1,0,0,0,0,0,0,2,9.585621148907032,2020,4,18.92145603792546
Weapons,2025,7.3,3019.0,"Horror, Mystery",129 min,"$38,000,000",129.0,38000000.0,0,0,0,0,0,0,0,0,0,0,1,0,2,8.013012110368916,2020,7,17.453096744006448
Avengers: Endgame,2019,8.2,27359.0,"Adventure, Science Fiction, Action",181 min,"$356,000,000",181.0,356000000.0,1,0,1,0,0,1,0,0,0,0,0,0,3,10.216837371736487,2010,17,19.690441291625294
The Fighting Temptations,2003,5.8,131.0,"Comedy, Music, Romance",122 min,"$15,000,000",122.0,15000000.0,0,0,0,1,0,0,0,0,0,1,0,0,3,4.882801922586371,2000,24,16.52356082573315
Seed of Chucky,2004,5.5,1734.0,"Horror, Comedy",86 min,"$12,000,000",86.0,12000000.0,0,0,0,1,0,0,0,0,0,0,1,0,2,7.45876269238096,2000,14,16.300417291085605
Alan Partridge: Alpha Papa,2013,6.6,486.0,Comedy,90 min,"$4,000,000",90.0,4000000.0,0,0,0,1,0,0,0,0,0,0,0,0,1,6.18826412308259,2010,26,15.201805169084134
The Asphalt Jungle,1950,7.5,529.0,"Crime, Drama",113 min,"$1,232,000",113.0,1232000.0,0,1,0,0,0,0,0,0,1,0,0,0,2,6.272877006546167,1950,18,14.024150234763585
Fried Green Tomatoes,1991,7.7,1451.0,"Drama, Comedy",130 min,"$11,000,000",130.0,11000000.0,0,1,0,1,0,0,0,0,0,0,0,0,2,7.280697195384741,1990,20,16.213405921671733
The Wild Robot,2024,8.3,5799.0,"Animation, Science Fiction, Family, Adventure, Drama",102 min,"$78,000,000",102.0,78000000.0,0,1,1,0,0,1,0,1,0,0,0,1,5,8.66561319653451,2020,14,18.17221939747438
Scream,2022,6.7,3761.0,"Horror, Mystery",114 min,"$24,000,000",114.0,24000000.0,0,0,0,0,0,0,0,0,0,0,1,0,2,8.232706009860976,2020,6,16.993564429978885
Nineteen Eighty-Four,1984,6.8,1619.0,"Drama, Science Fiction",113 min,"$7,430,072",113.0,7430072.0,0,1,0,0,0,1,0,0,0,0,0,0,2,7.3901814282264295,1980,20,15.821046241679324
Fifty Shades of Grey,2015,5.9,12285.0,"Drama, Romance, Thriller",125 min,"$40,000,000",125.0,40000000.0,0,1,0,0,1,0,0,0,0,1,0,0,3,9.416215681723873,2010,20,17.50439003707821
Prince of Darkness,1987,6.8,1123.0,Horror,102 min,"$3,000,000",102.0,3000000.0,0,0,0,0,0,0,0,0,0,0,1,0,1,7.024649030453636,1980,18,14.914123179965662
The Texas Chainsaw Massacre,2003,6.3,2852.0,Horror,98 min,"$9,500,000",98.0,9500000.0,0,0,0,0,0,0,0,0,0,0,1,0,1,7.9561263512135,2000,27,16.066802461833923
Abraham Lincoln: Vampire Hunter,2012,5.8,3514.0,"Action, Fantasy, Horror",105 min,"$69,000,000",105.0,69000000.0,1,0,0,0,0,0,1,0,0,0,1,0,3,8.164794804244766,2010,31,18.049617077054286
Despicable Me 4,2024,7.0,3098.0,"Family, Comedy, Animation, Science Fiction, Action",94 min,"$100,000,000",94.0,100000000.0,1,0,0,1,0,1,0,1,0,0,0,1,5,8.038834757787749,2020,15,18.420680753952364
The Ugly Truth,2009,6.5,3722.0,"Comedy, Romance",96 min,"$38,000,000",96.0,38000000.0,0,0,0,1,0,0,0,0,0,1,0,0,2,8.222285073872717,2000,14,17.453096744006448
Final Destination Bloodlines,2025,7.1,2690.0,"Horror, Mystery",110 min,"$50,000,000",110.0,50000000.0,0,0,0,0,0,0,0,0,0,0,1,0,2,7.897668150726906,2020,28,17.72753358339242
M3GAN 2.0,2025,7.2,1192.0,"Action, Science Fiction, Thriller",120 min,"$15,000,000",120.0,15000000.0,1,0,0,0,1,1,0,0,0,0,0,0,3,7.084226422097916,2020,9,16.52356082573315
12 Angry Men,1957,8.6,9814.0,Drama,97 min,"$397,751",97.0,397751.0,0,1,0,0,0,0,0,0,0,0,0,0,1,9.191667106710561,1950,12,12.89358397447149
Play Dirty,2025,6.6,576.0,Crime,125 min,"$2,500,000",125.0,2500000.0,0,0,0,0,0,0,0,0,1,0,0,0,1,6.3578422665081,2020,10,14.731801689838349
Miller's Crossing,1990,7.5,1811.0,"Drama, Thriller, Crime",115 min,"$14,000,000",115.0,14000000.0,0,1,0,0,1,0,0,0,1,0,0,0,3,7.502186486602924,1990,17,16.454567959008102
War Machine,2017,5.6,1216.0,"Comedy, Drama, War",122 min,"$60,000,000",122.0,60000000.0,0,1,0,1,0,0,0,0,0,0,0,0,3,7.104144092987527,2010,11,17.909855136853043
The Butterfly Effect 2,2006,5.0,976.0,"Drama, Science Fiction, Thriller",92 min,"$6,000,000",92.0,6000000.0,0,1,0,0,1,1,0,0,0,0,0,0,3,6.884486652042782,2000,22,15.607270193858982
Whiplash,2014,8.4,16387.0,"Drama, Music",107 min,"$3,300,000",107.0,3300000.0,0,1,0,0,0,0,0,0,0,0,0,0,2,9.70430463866676,2010,8,15.009433329466965
Iron Man 2,2010,6.8,22144.0,"Adventure, Action, Science Fiction",124 min,"$200,000,000",124.0,200000000.0,1,0,1,0,0,1,0,0,0,0,0,0,3,10.0053670163573,2010,10,19.11382792951231
The Mummy,1999,7.0,9812.0,"Adventure, Action, Fantasy",124 min,"$80,000,000",124.0,80000000.0,1,0,1,0,0,0,1,0,0,0,0,0,3,9.191463316206494,1990,9,18.197537205138154
Back to the Future,1985,8.3,21479.0,"Adventure, Comedy, Science Fiction",116 min,"$19,000,000",116.0,19000000.0,0,0,1,1,0,1,0,0,0,0,0,0,3,9.974877548622802,1980,18,16.759949589762293
Thunderbolts*,2025,7.3,3284.0,"Action, Science Fiction, Adventure",127 min,"$180,000,000",127.0,180000000.0,1,0,1,0,0,1,0,0,0,0,0,0,3,8.09712193091871,2020,13,19.00846741441004
Deadpool,2016,7.6,32444.0,"Action, Adventure, Comedy",108 min,"$58,000,000",108.0,58000000.0,1,0,1,1,0,0,0,0,0,0,0,0,3,10.387301627055269,2010,8,17.87595358575207
"Monsters, Inc.",2001,7.8,19549.0,"Animation, Comedy, Family",92 min,"$115,000,000",92.0,115000000.0,0,0,0,1,0,0,0,1,0,0,0,1,3,9.880730565413511,2000,14,18.560442695023177
Moana 2,2024,7.0,2965.0,"Animation, Adventure, Family, Comedy, Fantasy",100 min,"$150,000,000",100.0,150000000.0,0,0,1,1,0,0,1,1,0,0,0,1,5,7.994969522697877,2020,7,18.826145858727198
The Debt Collector,2018,5.8,239.0,"Action, Comedy",96 min,"$3,000,000",96.0,3000000.0,1,0,0,1,0,0,0,0,0,0,0,0,2,5.480638923341991,2010,18,14.914123179965662
Sonic the Hedgehog 3,2024,7.6,3172.0,"Action, Science Fiction, Comedy, Family",110 min,"$122,000,000",110.0,122000000.0,1,0,0,1,0,1,0,1,0,0,0,0,4,8.062432791583195,2020,20,18.619531610894253
Coco,2017,8.2,20733.0,"Family, Animation, Music, Adventure",105 min,"$175,000,000",105.0,175000000.0,0,0,1,0,0,0,0,1,0,0,0,1,4,9.939530143883058,2010,4,18.980296537602072
Wish,2023,6.2,1748.0,"Animation, Family, Fantasy, Adventure",95 min,"$175,000,000",95.0,175000000.0,0,0,1,0,0,0,1,1,0,0,0,1,4,7.466799475018602,2020,4,18.980296537602072
Wicked,2024,6.9,2904.0,"Drama, Romance, Fantasy",162 min,"$150,000,000",162.0,150000000.0,0,1,0,0,0,0,1,0,0,1,0,0,3,7.974188669286011,2020,6,18.826145858727198
Arco,2025,7.5,120.0,"Animation, Adventure, Fantasy, Family, Science Fiction",89 min,"$10,000,000",89.0,10000000.0,0,0,1,0,0,1,1,1,0,0,0,1,5,4.795790545596741,2020,4,16.118095750958314
Scary Movie 5,2013,4.8,2979.0,Comedy,88 min,"$20,000,000",88.0,20000000.0,0,0,0,1,0,0,0,0,0,0,0,0,1,7.9996785794994505,2010,13,16.811242881518265
The Santa Clause,1994,6.5,2265.0,"Fantasy, Drama, Comedy, Family",97 min,"$22,000,000",97.0,22000000.0,0,1,0,1,0,0,1,1,0,0,0,0,4,7.725771441587952,1990,16,16.906553056777135
Scream VI,2023,7.0,3082.0,"Horror, Thriller, Crime",123 min,"$33,000,000",123.0,33000000.0,0,0,0,0,1,0,0,0,1,0,1,0,3,8.03365842788615,2020,9,17.312018149733785
Up,2009,8.0,21420.0,"Animation, Comedy, Family, Adventure",96 min,"$175,000,000",96.0,175000000.0,0,0,1,1,0,0,0,1,0,0,0,1,4,9.972127028252816,2000,2,18.980296537602072
Finding Nemo,2003,7.8,20351.0,"Animation, Family, Adventure",100 min,"$94,000,000",100.0,94000000.0,0,0,1,0,0,0,0,1,0,0,0,1,3,9.92093446613985,2000,12,18.358805350872576
The Final Conflict,1981,5.8,623.0,"Horror, Mystery, Thriller",108 min,"$5,000,000",108.0,5000000.0,0,0,0,0,1,0,0,0,0,0,1,0,3,6.436150368369428,1980,18,15.424948670398354
Dragon: The Bruce Lee Story,1993,6.9,784.0,"Drama, History, Action",119 min,"$14,000,000",119.0,14000000.0,1,1,0,0,0,0,0,0,0,0,0,0,3,6.665683717782408,1990,27,16.454567959008102
Damien - Omen II,1978,6.4,800.0,"Horror, Thriller",107 min,"$6,800,000",107.0,6800000.0,0,0,0,0,1,0,0,0,0,0,1,0,2,6.68586094706836,1970,16,15.732433317205148
Gone Girl,2014,7.9,19731.0,"Mystery, Thriller, Drama",149 min,"$61,000,000",149.0,61000000.0,0,1,0,0,1,0,0,0,0,0,0,0,3,9.88999696235363,2010,9,17.926384438531027
Invasion U.S.A.,1985,5.7,321.0,"Action, Thriller",107 min,"$12,000,000",107.0,12000000.0,1,0,0,0,1,0,0,0,0,0,0,0,2,5.7745515455444085,1980,15,16.300417291085605
So I Married an Axe Murderer,1993,6.1,466.0,"Comedy, Crime, Romance",93 min,"$20,000,000",93.0,20000000.0,0,0,0,1,0,0,0,0,1,1,0,0,3,6.1463292576688975,1990,28,16.811242881518265
A Return to Salem's Lot,1987,5.9,312.0,"Horror, Comedy",100 min,"$12,000,000",100.0,12000000.0,0,0,0,1,0,0,0,0,0,0,1,0,2,5.746203190540153,1980,23,16.300417291085605
A Night to Remember,1958,7.6,286.0,"Drama, Action, History",123 min,"$1,680,000",123.0,1680000.0,1,1,0,0,0,0,0,0,0,0,0,0,3,5.659482215759621,1950,19,14.33430494661736
Léon: The Professional,1994,8.3,15863.0,"Crime, Drama, Action",111 min,"$16,000,000",111.0,16000000.0,1,1,0,0,0,0,0,0,1,0,0,0,3,9.671807670199632,1990,22,16.588099342704055
Spider-Man: Into the Spider-Verse,2018,8.4,16953.0,"Animation, Action, Adventure, Science Fiction",117 min,"$90,000,000",117.0,90000000.0,1,0,1,0,0,1,0,0,0,0,0,1,4,9.73825907316835,2010,33,18.31532023940565
Music and Lyrics,2007,6.4,1766.0,"Comedy, Music, Romance",104 min,"$40,000,000",104.0,40000000.0,0,0,0,1,0,0,0,0,0,1,0,0,3,7.4770384723196965,2000,16,17.50439003707821
Texas Chainsaw Massacre,2022,5.2,1604.0,"Horror, Thriller, Crime, Drama",83 min,"$20,000,000",83.0,20000000.0,0,1,0,0,1,0,0,0,1,0,1,0,4,7.380879035564116,2020,23,16.811242881518265
Alien,1979,8.2,16101.0,"Horror, Science Fiction",117 min,"$11,000,000",117.0,11000000.0,0,0,0,0,0,1,0,0,0,0,1,0,2,9.686698766859926,1970,5,16.213405921671733
The Lord of the Rings: The Two Towers,2002,8.4,23546.0,"Adventure, Fantasy, Action",179 min,"$79,000,000",179.0,79000000.0,1,0,1,0,0,0,1,0,0,0,0,0,3,10.066753702794923,2000,37,18.184958423089522
Harry Potter and the Chamber of Secrets,2002,7.7,23327.0,"Adventure, Fantasy",161 min,"$100,000,000",161.0,100000000.0,0,0,1,0,0,0,1,0,0,0,0,0,2,10.057409634808385,2000,39,18.420680753952364
The Music Never Stopped,2011,7.2,174.0,Drama,105 min,"$4,000,000",105.0,4000000.0,0,1,0,0,0,0,0,0,0,0,0,0,1,5.1647859739235145,2010,23,15.201805169084134
Bad Day at Black Rock,1955,7.3,408.0,"Thriller, Mystery, Western",81 min,"$1,271,000",81.0,1271000.0,0,0,0,0,1,0,0,0,0,0,0,0,3,6.013715156042802,1950,21,14.055315336953344
Double Lover,2017,6.1,567.0,"Romance, Thriller, Drama",108 min,"$7,110,000",108.0,7110000.0,0,1,0,0,1,0,0,0,0,1,0,0,3,6.342121418721152,2010,12,15.77701294242639
Eve's Bayou,1997,6.4,152.0,Drama,108 min,"$6,000,000",108.0,6000000.0,0,1,0,0,0,0,0,0,0,0,0,0,1,5.030437921392435,1990,11,15.607270193858982
Survival of the Dead,2010,4.9,502.0,"Horror, Comedy, Drama, Thriller",90 min,"$4,000,000",90.0,4000000.0,0,1,0,1,1,0,0,0,0,0,1,0,4,6.220590170099739,2010,20,15.201805169084134
Frozen,2013,7.2,17412.0,"Animation, Family, Adventure, Fantasy",102 min,"$150,000,000",102.0,150000000.0,0,0,1,0,0,0,1,1,0,0,0,1,4,9.764972332679383,2010,6,18.826145858727198
Children of the Corn,2020,5.0,154.0,"Horror, Thriller",93 min,"$800,000",93.0,800000.0,0,0,0,0,1,0,0,0,0,0,1,0,2,5.043425116919247,2020,20,13.592368256649284
A Mighty Wind,2003,6.8,260.0,"Comedy, Music",92 min,"$6,000,000",92.0,6000000.0,0,0,0,1,0,0,0,0,0,0,0,0,2,5.564520407322694,2000,13,15.607270193858982
Harry Potter and the Prisoner of Azkaban,2004,8.0,22913.0,"Adventure, Fantasy",141 min,"$130,000,000",141.0,130000000.0,0,0,1,0,0,0,1,0,0,0,0,0,2,10.03950335645357,2000,40,18.683045016112164
Ted,2012,6.4,13018.0,"Comedy, Fantasy",107 min,"$50,000,000",107.0,50000000.0,0,0,0,1,0,0,1,0,0,0,0,0,2,9.474165107897397,2010,3,17.72753358339242
Roofman,2025,7.1,612.0,"Crime, Comedy, Drama",126 min,"$18,000,000",126.0,18000000.0,0,1,0,1,0,0,0,0,1,0,0,0,3,6.418364935936212,2020,7,16.705882371415992
Hellbound: Hellraiser II,1988,6.4,1226.0,"Horror, Thriller",97 min,"$3,000,000",97.0,3000000.0,0,0,0,0,1,0,0,0,0,0,1,0,2,7.112327444710911,1980,24,14.914123179965662
The Bad News Bears,1976,6.9,327.0,"Family, Comedy",102 min,"$9,000,000",102.0,9000000.0,0,0,0,1,0,0,0,1,0,0,0,0,2,5.793013608384144,1970,18,16.012735246411598
The Rules of Attraction,2002,6.2,594.0,"Drama, Romance, Comedy",110 min,"$4,000,000",110.0,4000000.0,0,1,0,1,0,0,0,0,0,1,0,0,3,6.38856140554563,2000,23,15.201805169084134
Spider-Man: Homecoming,2017,7.3,22926.0,"Action, Adventure, Science Fiction",133 min,"$175,000,000",133.0,175000000.0,1,0,1,0,0,1,0,0,0,0,0,0,3,10.040070534322663,2010,22,18.980296537602072
Our Brand Is Crisis,2015,5.9,522.0,"Comedy, Drama",107 min,"$28,000,000",107.0,28000000.0,0,1,0,1,0,0,0,0,0,0,0,0,2,6.259581464064923,2010,19,17.147715103853763
Tangled,2010,7.6,12235.0,"Animation, Family, Adventure",100 min,"$260,000,000",100.0,260000000.0,0,0,1,0,0,0,0,1,0,0,0,1,3,9.412137705270794,2010,7,19.376192192825954
Police Academy 4: Citizens on Patrol,1987,5.5,1252.0,"Comedy, Crime",88 min,"$17,000,000",88.0,17000000.0,0,0,0,1,0,0,0,0,1,0,0,0,2,7.133295954896068,1980,36,16.648723960844016
Star Wars,1977,8.2,22034.0,"Adventure, Action, Science Fiction",121 min,"$11,000,000",121.0,11000000.0,1,0,1,0,0,1,0,0,0,0,0,0,3,10.000387377276088,1970,9,16.213405921671733
Iron Man,2008,7.7,27845.0,"Action, Science Fiction, Adventure",126 min,"$140,000,000",126.0,140000000.0,1,0,1,0,0,1,0,0,0,0,0,0,3,10.23444460846923,2000,8,18.757152987716434
Gold Diggers of 1933,1933,7.2,169.0,"Comedy, Drama",97 min,"$433,000",97.0,433000.0,0,1,0,1,0,0,0,0,0,0,0,0,2,5.135798437050262,1930,20,12.978495316450783
Snakes on a Plane,2006,5.5,1937.0,"Action, Thriller, Adventure, Crime, Horror",105 min,"$33,000,000",105.0,33000000.0,1,0,1,0,1,0,0,0,1,0,1,0,5,7.569411792450712,2000,17,17.312018149733785
Punisher: War Zone,2008,5.8,1267.0,"Action, Crime",102 min,"$20,500,000",102.0,20500000.0,1,0,0,0,0,0,0,0,1,0,0,0,2,7.145196134997171,2000,18,16.835935492889124
Harry Potter and the Goblet of Fire,2005,7.8,21925.0,"Adventure, Fantasy",157 min,"$150,000,000",157.0,150000000.0,0,0,1,0,0,0,1,0,0,0,0,0,2,9.995428426234485,2000,35,18.826145858727198
The Conjuring: Last Rites,2025,6.9,1687.0,Horror,136 min,"$55,000,000",136.0,55000000.0,0,0,0,0,0,0,0,0,0,0,1,0,1,7.431299675155903,2020,25,17.822843761378564
"The Chronicles of Narnia: The Lion, the Witch and the Wardrobe",2005,7.1,11367.0,"Adventure, Family, Fantasy",143 min,"$180,000,000",143.0,180000000.0,0,0,1,0,0,0,1,1,0,0,0,0,3,9.338557669776936,2000,62,19.00846741441004
Beyond Re-Animator,2003,5.9,394.0,"Horror, Science Fiction, Comedy",95 min,"$3,000,000",95.0,3000000.0,0,0,0,1,0,1,0,0,0,0,1,0,3,5.978885764901122,2000,18,14.914123179965662
Harry Potter and the Half-Blood Prince,2009,7.7,20562.0,"Adventure, Fantasy",153 min,"$250,000,000",153.0,250000000.0,0,0,1,0,0,0,1,0,0,0,0,0,2,9.931248623321519,2000,38,19.33697147982652
The Lion King,1994,8.3,19458.0,"Family, Animation, Drama, Adventure",89 min,"$45,000,000",89.0,45000000.0,0,1,1,0,0,0,0,1,0,0,0,1,4,9.876064966958156,1990,13,17.622173069956816
Children of the Corn,2009,4.5,208.0,"Horror, Thriller, TV Movie",92 min,"$4,500,000",92.0,4500000.0,0,0,0,0,1,0,0,0,0,0,1,0,3,5.342334251964811,2000,20,15.319588176962746
The Poseidon Adventure,1972,7.1,965.0,"Adventure, Drama, Thriller",117 min,"$5,000,000",117.0,5000000.0,0,1,1,0,1,0,0,0,0,0,0,0,3,6.873163834212518,1970,22,15.424948670398354
Airplane II: The Sequel,1982,6.1,1235.0,Comedy,85 min,"$15,000,000",85.0,15000000.0,0,0,0,1,0,0,0,0,0,0,0,0,1,7.119635638017636,1980,23,16.52356082573315
A Futile and Stupid Gesture,2018,6.5,359.0,"Comedy, Drama",101 min,"$10,000,000",101.0,10000000.0,0,1,0,1,0,0,0,0,0,0,0,0,2,5.886104031450156,2010,27,16.118095750958314
The Treasure of the Sierra Madre,1948,8.0,1316.0,"Adventure, Drama, Western",126 min,"$3,800,000",126.0,3800000.0,0,1,1,0,0,0,0,0,0,0,0,0,3,7.183111701743281,1940,32,15.150511887854474
Venom: The Last Dance,2024,6.7,4048.0,"Action, Science Fiction, Adventure",109 min,"$120,000,000",109.0,120000000.0,1,0,1,0,0,1,0,0,0,0,0,0,3,8.30622521603216,2020,21,18.603002309079653
The Peanut Butter Falcon,2019,7.4,1573.0,"Adventure, Comedy, Drama",97 min,"$6,200,000",97.0,6200000.0,0,1,1,1,0,0,0,0,0,0,0,0,3,7.3613754289773485,2010,24,15.64006001130563
Halloween 4: The Return of Michael Myers,1988,6.2,2033.0,"Horror, Thriller",88 min,"$5,000,000",88.0,5000000.0,0,0,0,0,1,0,0,0,0,0,1,0,2,7.617759576608505,1980,40,15.424948670398354
Children of the Corn: Revelation,2001,3.9,132.0,Horror,82 min,"$2,500,000",82.0,2500000.0,0,0,0,0,0,0,0,0,0,0,1,0,1,4.890349128221754,2000,32,14.731801689838349
The Slumber Party Massacre,1982,5.6,388.0,"Horror, Comedy",76 min,"$220,000",76.0,220000.0,0,0,0,1,0,0,0,0,0,0,1,0,2,5.963579343618446,1980,26,12.301387370778713
The House with a Clock in Its Walls,2018,6.2,2277.0,"Comedy, Fantasy, Family, Horror, Mystery",105 min,"$42,000,000",105.0,42000000.0,0,0,0,1,0,0,1,1,0,0,1,0,5,7.731053144007127,2010,35,17.553180200057167
Captain America: Brave New World,2025,6.0,2961.0,"Action, Thriller, Science Fiction",119 min,"$180,000,000",119.0,180000000.0,1,0,0,0,1,1,0,0,0,0,0,0,3,7.993619994827744,2020,32,19.00846741441004
The Ghost of Frankenstein,1942,5.8,171.0,"Horror, Science Fiction",68 min,"$200,000",68.0,200000.0,0,0,0,0,0,1,0,0,0,0,1,0,2,5.147494476813453,1940,25,12.206077645517674
Twilight,2008,6.3,14259.0,"Fantasy, Drama, Romance",122 min,"$37,000,000",122.0,37000000.0,0,1,0,0,0,0,1,0,0,1,0,0,3,9.565213693968287,2000,8,17.426428497635523
Taken,2008,7.4,11941.0,"Action, Thriller",94 min,"$25,000,000",94.0,25000000.0,1,0,0,0,1,0,0,0,0,0,0,0,2,9.387816877106937,2000,5,17.034386422832473
Elio,2025,6.9,890.0,"Family, Comedy, Adventure, Animation, Science Fiction",98 min,"$150,000,000",98.0,150000000.0,0,0,1,1,0,1,0,1,0,0,0,1,5,6.792344427470809,2020,4,18.826145858727198
Toy Story 2,1999,7.6,14716.0,"Animation, Comedy, Family",92 min,"$90,000,000",92.0,90000000.0,0,0,0,1,0,0,0,1,0,0,0,1,3,9.596758567164112,1990,11,18.31532023940565
It Was Just an Accident,2025,7.2,436.0,"Drama, Thriller, Crime, Mystery, Comedy",103 min,"$6,000,000",103.0,6000000.0,0,1,0,1,1,0,0,0,1,0,0,0,5,6.07993319509559,2020,23,15.607270193858982
The Wolf of Wall Street,2013,8.0,25598.0,"Crime, Drama, Comedy",180 min,"$100,000,000",180.0,100000000.0,0,1,0,1,0,0,0,0,1,0,0,0,3,10.150308567204695,2010,23,18.420680753952364
Gladiator,2000,8.2,20601.0,"Action, Drama, Adventure",155 min,"$103,000,000",155.0,103000000.0,1,1,1,0,0,0,0,0,0,0,0,0,3,9.933143437443638,2000,9,18.450239555902648
John Dies at the End,2013,6.3,715.0,"Horror, Comedy",99 min,"$1,000,000",99.0,1000000.0,0,0,0,1,0,0,0,0,0,0,1,0,2,6.573680166960646,2010,20,13.815511557963774
Train Dreams,2025,7.3,814.0,Drama,102 min,"$10,000,000",102.0,10000000.0,0,1,0,0,0,0,0,0,0,0,0,0,1,6.703188113240863,2020,12,16.118095750958314
The Da Vinci Code,2006,6.7,9938.0,"Thriller, Mystery",149 min,"$125,000,000",149.0,125000000.0,0,0,0,0,1,0,0,0,0,0,0,0,2,9.204221690968005,2000,17,18.643824303266577
The Hobbit: An Unexpected Journey,2012,7.4,19395.0,"Adventure, Fantasy, Action",169 min,"$250,000,000",169.0,250000000.0,1,0,1,0,0,0,1,0,0,0,0,0,3,9.872822138225242,2010,33,19.33697147982652
Ernest Saves Christmas,1988,5.3,207.0,"Comedy, Family",91 min,"$6,000,000",91.0,6000000.0,0,0,0,1,0,0,0,1,0,0,0,0,2,5.337538079701318,1980,22,15.607270193858982
The Hobbit: The Battle of the Five Armies,2014,7.3,15156.0,"Action, Adventure, Fantasy",144 min,"$250,000,000",144.0,250000000.0,1,0,1,0,0,0,1,0,0,0,0,0,3,9.626217750431657,2010,41,19.33697147982652
No Other Choice,2025,7.6,799.0,"Comedy, Crime, Thriller",139 min,"$12,200,000",139.0,12200000.0,0,0,0,1,1,0,0,0,1,0,0,0,3,6.684611727667927,2020,15,16.316946591670696
Avengers: Age of Ultron,2015,7.3,24183.0,"Action, Adventure, Science Fiction",141 min,"$235,000,000",141.0,235000000.0,1,0,1,0,0,1,0,0,0,0,0,0,3,10.093446536459293,2010,23,19.275096076363752
Inside Out,2015,7.9,23238.0,"Animation, Family, Adventure, Drama, Comedy",95 min,"$175,000,000",95.0,175000000.0,0,1,1,1,0,0,0,1,0,0,0,1,5,10.053587180780166,2010,10,18.980296537602072
Fury,2014,7.5,12768.0,"War, Drama, Action",135 min,"$68,000,000",135.0,68000000.0,1,1,0,0,0,0,0,0,0,0,0,0,3,9.454775637424682,2010,4,18.035018277846262
Inglourious Basterds,2009,8.2,23865.0,"Drama, Thriller, War",153 min,"$70,000,000",153.0,70000000.0,0,1,0,0,1,0,0,0,0,0,0,0,3,10.0802101309296,2000,20,18.064005814299346
Coraline,2009,7.9,8816.0,"Animation, Family, Fantasy",100 min,"$60,000,000",100.0,60000000.0,0,0,0,0,0,0,1,1,0,0,0,1,3,9.084436955087027,2000,8,17.909855136853043
Wonder Woman,2017,7.2,20748.0,"Action, Adventure, Fantasy",141 min,"$149,000,000",141.0,149000000.0,1,0,1,0,0,0,1,0,0,0,0,0,3,9.940253331726451,2010,12,18.819456870621142
Train to Busan,2016,7.7,8225.0,"Horror, Thriller, Action, Adventure",118 min,"$8,500,000",118.0,8500000.0,1,0,1,0,1,0,0,0,0,0,1,0,4,9.015055148790369,2010,14,15.955576839107596
28 Years Later,2025,6.6,2311.0,"Horror, Thriller, Science Fiction",115 min,"$60,000,000",115.0,60000000.0,0,0,0,0,1,1,0,0,0,0,1,0,3,7.7458682297922685,2020,14,17.909855136853043
Django Unchained,2012,8.2,27684.0,"Drama, Western",165 min,"$100,000,000",165.0,100000000.0,0,1,0,0,0,0,0,0,0,0,0,0,2,10.228646029257067,2010,16,18.420680753952364
If I Had Legs I'd Kick You,2025,6.3,240.0,Drama,113 min,"$1,500,000",113.0,1500000.0,0,1,0,0,0,0,0,0,0,0,0,0,1,5.484796933490655,2020,26,14.220976332738882
My Dinner with Andre,1981,7.5,449.0,Drama,112 min,"$475,000",112.0,475000.0,0,1,0,0,0,0,0,0,0,0,0,0,1,6.1092475827643655,1980,20,13.07107218827772
The Long Walk,2025,6.9,1222.0,"Science Fiction, Thriller, Horror",108 min,"$20,000,000",108.0,20000000.0,0,0,0,0,1,1,0,0,0,0,1,0,3,7.109062135687172,2020,13,16.811242881518265
WALL·E,2008,8.1,19997.0,"Animation, Family, Science Fiction",98 min,"$180,000,000",98.0,180000000.0,0,0,0,0,0,1,0,1,0,0,0,1,3,9.903387547535795,2000,6,19.00846741441004
The Substance,2024,7.1,5756.0,"Horror, Science Fiction, Thriller",141 min,"$17,500,000",141.0,17500000.0,0,0,0,0,1,1,0,0,0,0,1,0,3,8.65817178467581,2020,13,16.677711496036597
The Count of Monte Cristo,2002,7.7,1972.0,"Adventure, Drama, History, Action, Thriller",131 min,"$35,000,000",131.0,35000000.0,1,1,1,0,1,0,0,0,0,0,0,0,5,7.587310506022615,2000,25,17.370858648025116
Ice Age,2002,7.4,14122.0,"Animation, Comedy, Family, Adventure",81 min,"$59,000,000",81.0,59000000.0,0,0,1,1,0,0,0,1,0,0,0,1,4,9.555559953069064,2000,7,17.893048018819147
Captain Kronos: Vampire Hunter,1973,6.1,138.0,"Adventure, Horror",91 min,"$400,000",91.0,400000.0,0,0,1,0,0,0,0,0,0,0,1,0,2,4.9344739331306915,1970,30,12.899222326086994
Spider-Man: Far From Home,2019,7.4,16744.0,"Action, Adventure, Science Fiction",129 min,"$160,000,000",129.0,160000000.0,1,0,1,0,0,1,0,0,0,0,0,0,3,9.725854985228304,2010,25,18.8906843794481
Predator,1987,7.5,8915.0,"Science Fiction, Action, Adventure, Thriller",107 min,"$15,000,000",107.0,15000000.0,1,0,1,0,1,1,0,0,0,0,0,0,4,9.095602694505759,1980,8,16.52356082573315
The Curse of Frankenstein,1957,6.8,331.0,"Horror, Science Fiction",83 min,"$270,000",83.0,270000.0,0,0,0,0,0,1,0,0,0,0,1,0,2,5.805134968916488,1950,25,12.506180941677357
Harry Potter and the Order of the Phoenix,2007,7.7,20588.0,"Adventure, Fantasy",138 min,"$150,000,000",138.0,150000000.0,0,0,1,0,0,0,1,0,0,0,0,0,2,9.932512231576744,2000,41,18.826145858727198
The Truman Show,1998,8.2,19897.0,"Comedy, Drama",103 min,"$60,000,000",103.0,60000000.0,0,1,0,1,0,0,0,0,0,0,0,0,2,9.898374503149306,1990,15,17.909855136853043
Scarface,1983,8.2,12797.0,"Action, Crime, Drama",170 min,"$25,000,000",170.0,25000000.0,1,1,0,0,0,0,0,0,1,0,0,0,3,9.457044187699406,1980,8,17.034386422832473
Demon Slayer -Kimetsu no Yaiba- The Movie: Mugen Train,2020,8.2,4420.0,"Animation, Action, Fantasy",117 min,"$15,700,000",117.0,15700000.0,1,0,0,0,0,0,1,0,0,0,0,1,3,8.394121193826242,2020,54,16.5691713340128
Children of the Corn V: Fields of Terror,1998,4.1,182.0,"Horror, Thriller",83 min,"$1,650,000",83.0,1650000.0,0,0,0,0,1,0,0,0,0,0,1,0,2,5.209486152841421,1990,40,14.316286451937186
Troy,2004,7.2,10887.0,"War, Action, History",163 min,"$175,000,000",163.0,175000000.0,1,0,0,0,0,0,0,0,0,0,0,0,3,9.295416544331301,2000,4,18.980296537602072
The Maze Runner,2014,7.2,17925.0,"Action, Mystery, Science Fiction, Thriller",113 min,"$34,000,000",113.0,34000000.0,1,0,0,0,1,1,0,0,0,0,0,0,4,9.794007451917308,2010,15,17.341871111992198
The Mask,1994,7.0,11076.0,"Romance, Comedy, Crime, Fantasy",101 min,"$23,000,000",101.0,23000000.0,0,0,0,1,0,0,1,0,1,1,0,0,4,9.312626165516933,1990,8,16.951004817371683
Blade Runner,1982,7.9,14775.0,"Science Fiction, Drama, Thriller",118 min,"$28,000,000",118.0,28000000.0,0,1,0,0,1,1,0,0,0,0,0,0,3,9.600759521879075,1980,12,17.147715103853763
The Handmaiden,2016,8.2,4219.0,"Thriller, Drama, Romance",145 min,"$8,575,000",145.0,8575000.0,0,1,0,0,1,0,0,0,0,1,0,0,3,8.347590407030058,2010,14,15.964361667634346
Spider-Man 3,2007,6.5,15019.0,"Action, Adventure, Science Fiction",139 min,"$258,000,000",139.0,258000000.0,1,0,1,0,0,1,0,0,0,0,0,0,3,9.617137925318126,2000,12,19.36847014676186
Elemental,2023,7.6,5185.0,"Family, Fantasy, Comedy, Romance, Animation",102 min,"$200,000,000",102.0,200000000.0,0,0,0,1,0,0,1,1,0,1,0,1,5,8.55371796609861,2020,9,19.11382792951231
The Invisible Man Returns,1940,6.3,136.0,"Horror, Science Fiction",81 min,"$281,743",81.0,281743.0,0,0,0,0,0,1,0,0,0,0,1,0,2,4.919980925828125,1940,25,12.548754136200559
Wake Up Dead Man: A Knives Out Mystery,2025,7.2,2189.0,"Thriller, Mystery, Comedy",145 min,"$210,000,000",145.0,210000000.0,0,0,0,1,1,0,0,0,0,0,0,0,3,7.691656822810547,2020,38,19.162618093443648
Terminator Genisys,2015,5.9,8870.0,"Science Fiction, Action, Thriller",126 min,"$155,000,000",126.0,155000000.0,1,0,0,0,1,1,0,0,0,0,0,0,3,9.090542808520587,2010,18,18.858935681335133
The Blob,1988,6.8,1018.0,"Horror, Science Fiction",95 min,"$10,000,000",95.0,10000000.0,0,0,0,0,0,1,0,0,0,0,1,0,2,6.926577033222725,1980,8,16.118095750958314
Guardians of the Galaxy Vol. 2,2017,7.6,22713.0,"Science Fiction, Adventure, Action",137 min,"$200,000,000",137.0,200000000.0,1,0,1,0,0,1,0,0,0,0,0,0,3,10.030736753451592,2010,30,19.11382792951231
The Terminator,1984,7.7,14360.0,"Action, Thriller, Science Fiction",108 min,"$6,400,000",108.0,6400000.0,1,0,0,0,1,1,0,0,0,0,0,0,3,9.57227147806062,1980,14,15.671808704579888
Get Out,2017,7.6,18640.0,"Mystery, Thriller, Horror",104 min,"$4,500,000",104.0,4500000.0,0,0,0,0,1,0,0,0,0,0,1,0,3,9.833118734869245,2010,7,15.319588176962746
Sirāt,2025,6.8,539.0,"Drama, Thriller",115 min,"$7,000,000",115.0,7000000.0,0,1,0,0,1,0,0,0,0,0,0,0,2,6.29156913955832,2020,5,15.76142084987672
Alien: Romulus,2024,7.2,4355.0,"Horror, Science Fiction",119 min,"$80,000,000",119.0,80000000.0,0,0,0,0,0,1,0,0,0,0,1,0,2,8.37930948405285,2020,14,18.197537205138154
Scary Movie 3,2003,6.0,4391.0,Comedy,84 min,"$45,000,000",84.0,45000000.0,0,0,0,1,0,0,0,0,0,0,0,0,1,8.387539983189367,2000,13,17.622173069956816
Ratatouille,2007,7.8,18260.0,"Animation, Comedy, Family, Fantasy",111 min,"$150,000,000",111.0,150000000.0,0,0,0,1,0,0,1,1,0,0,0,1,4,9.812522917162035,2000,11,18.826145858727198
Silent Hill,2006,6.6,4766.0,"Horror, Mystery",125 min,"$50,000,000",125.0,50000000.0,0,0,0,0,0,0,0,0,0,0,1,0,2,8.469472455204826,2000,11,17.72753358339242
The Incredibles,2004,7.7,18687.0,"Action, Adventure, Animation, Family",115 min,"$92,000,000",115.0,92000000.0,1,0,1,0,0,0,0,1,0,0,0,1,4,9.835636885627954,2000,15,18.33729914588288
Regretting You,2025,6.9,318.0,"Romance, Drama",116 min,"$30,000,000",116.0,30000000.0,0,1,0,0,0,0,0,0,0,1,0,0,2,5.765191102784844,2020,14,17.216707972959764
Princess Mononoke,1997,8.3,8827.0,"Adventure, Fantasy, Animation",134 min,"$23,500,000",134.0,23500000.0,0,0,1,0,0,0,1,0,0,0,0,1,3,9.085683767376628,1990,17,16.97251102166758
Million Dollar Baby,2004,8.0,10216.0,Drama,132 min,"$30,000,000",132.0,30000000.0,0,1,0,0,0,0,0,0,0,0,0,0,1,9.231808278591423,2000,19,17.216707972959764
Terminator 2: Judgment Day,1991,8.1,14020.0,"Action, Thriller, Science Fiction",137 min,"$102,000,000",137.0,102000000.0,1,0,0,0,1,1,0,0,0,0,0,0,3,9.54831148472113,1990,26,18.440483381052466
Harry Potter and the Deathly Hallows: Part 2,2011,8.1,21757.0,"Adventure, Fantasy",130 min,"$125,000,000",130.0,125000000.0,0,0,1,0,0,0,1,0,0,0,0,0,2,9.987736784981028,2010,44,18.643824303266577
Van Helsing,2004,6.4,6496.0,"Horror, Adventure, Action",132 min,"$160,000,000",132.0,160000000.0,1,0,1,0,0,0,0,0,0,0,1,0,3,8.77909581088053,2000,11,18.8906843794481
The Equalizer,2014,7.3,9790.0,"Thriller, Action, Crime",132 min,"$55,000,000",132.0,55000000.0,1,0,0,0,1,0,0,0,1,0,0,0,3,9.189218875354072,2010,13,17.822843761378564
Flow,2024,8.1,2678.0,"Animation, Adventure, Fantasy, Family",85 min,"$3,700,000",85.0,3700000.0,0,0,1,0,0,0,1,1,0,0,0,1,4,7.893198869544609,2020,4,15.123843647884687
Scary Movie 4,2006,5.5,3513.0,Comedy,83 min,"$40,000,000",83.0,40000000.0,0,0,0,1,0,0,0,0,0,0,0,0,1,8.164510268747042,2000,13,17.50439003707821
Arrival,2016,7.6,19066.0,"Drama, Science Fiction, Mystery",116 min,"$47,000,000",116.0,47000000.0,0,1,0,0,0,1,0,0,0,0,0,0,3,9.855714371064444,2010,7,17.665658180950928
Heat,1995,7.9,8149.0,"Crime, Drama, Action",170 min,"$60,000,000",170.0,60000000.0,1,1,0,0,0,0,0,0,1,0,0,0,3,9.005773206234908,1990,4,17.909855136853043
Saving Private Ryan,1998,8.2,16950.0,"War, Drama, History",169 min,"$70,000,000",169.0,70000000.0,0,1,0,0,0,0,0,0,0,0,0,0,3,9.738082108118487,1990,19,18.064005814299346
Kung Fu Hustle,2004,7.5,3100.0,"Action, Comedy, Crime, Fantasy",99 min,"$20,000,000",99.0,20000000.0,1,0,0,1,0,0,1,0,1,0,0,0,4,8.03947991910045,2000,14,16.811242881518265
Shrek Forever After,2010,6.4,7850.0,"Comedy, Adventure, Fantasy, Animation, Family",93 min,"$165,000,000",93.0,165000000.0,0,0,1,1,0,0,1,1,0,0,0,1,5,8.968396191198256,2010,19,18.92145603792546
2012,2009,5.9,12585.0,"Action, Adventure, Science Fiction",158 min,"$200,000,000",158.0,200000000.0,1,0,1,0,0,1,0,0,0,0,0,0,3,9.440340364086879,2000,4,19.11382792951231
Eternity,2025,7.0,518.0,"Romance, Comedy, Drama",114 min,"$12,000,000",114.0,12000000.0,0,1,0,1,0,0,0,0,0,1,0,0,3,6.251903883165888,2020,8,16.300417291085605
Chappie,2015,6.8,8361.0,"Crime, Action, Science Fiction",120 min,"$49,000,000",120.0,49000000.0,1,0,0,0,0,1,0,0,1,0,0,0,3,9.03145291191651,2010,7,17.707330876483063
The Devil Wears Prada,2006,7.4,12819.0,"Drama, Comedy",109 min,"$35,000,000",109.0,35000000.0,0,1,0,1,0,0,0,0,0,0,0,0,2,9.458761730474661,2000,21,17.370858648025116
Big Hero 6,2014,7.7,16404.0,"Adventure, Family, Animation, Action, Comedy",102 min,"$165,000,000",102.0,165000000.0,1,0,1,1,0,0,0,1,0,0,0,1,5,9.705341445395202,2010,10,18.92145603792546
Snow White,2025,4.3,1578.0,"Family, Fantasy",109 min,"$270,000,000",109.0,270000000.0,0,0,0,0,0,0,1,1,0,0,0,0,2,7.364547014255642,2020,10,19.413932520666354
The Shining,1980,8.2,18683.0,"Horror, Thriller",144 min,"$19,000,000",144.0,19000000.0,0,0,0,0,1,0,0,0,0,0,1,0,2,9.835422821621998,1980,11,16.759949589762293
Aladdin,2019,7.1,10523.0,"Adventure, Fantasy, Romance, Family",127 min,"$183,000,000",127.0,183000000.0,0,0,1,0,0,0,1,1,0,1,0,0,4,9.261413642160184,2010,7,19.024996716270177
Batman Begins,2005,7.7,22337.0,"Drama, Crime, Action",140 min,"$150,000,000",140.0,150000000.0,1,1,0,0,0,0,0,0,1,0,0,0,3,10.014044543100772,2000,13,18.826145858727198
Her,2013,7.8,15117.0,"Romance, Science Fiction, Drama",126 min,"$23,000,000",126.0,23000000.0,0,1,0,0,0,1,0,0,0,1,0,0,3,9.623641365852121,2010,3,16.951004817371683
Godzilla x Kong: The New Empire,2024,7.0,4543.0,"Action, Adventure, Science Fiction",115 min,"$150,000,000",115.0,150000000.0,1,0,1,0,0,1,0,0,0,0,0,0,3,8.421562960400987,2020,31,18.826145858727198
The Revenant,2015,7.5,19094.0,"Western, Drama, Adventure",157 min,"$135,000,000",157.0,135000000.0,0,1,1,0,0,0,0,0,0,0,0,0,3,9.857181799659617,2010,12,18.72078534381011
Harry Potter and the Deathly Hallows: Part 1,2010,7.7,20168.0,"Adventure, Fantasy",146 min,"$250,000,000",146.0,250000000.0,0,0,1,0,0,0,1,0,0,0,0,0,2,9.911902051137146,2010,44,19.33697147982652
Mufasa: The Lion King,2024,7.3,2550.0,"Adventure, Family, Animation",118 min,"$200,000,000",118.0,200000000.0,0,0,1,0,0,0,0,1,0,0,0,1,3,7.844240718141811,2020,21,19.11382792951231
Pirates of the Caribbean: On Stranger Tides,2011,6.6,14803.0,"Adventure, Action, Fantasy",136 min,"$379,000,000",136.0,379000000.0,1,0,1,0,0,0,1,0,0,0,0,0,3,9.602652693506046,2010,43,19.753046765685223
Oldboy,2003,8.2,9643.0,"Drama, Thriller, Mystery, Action",120 min,"$3,000,000",120.0,3000000.0,1,1,0,0,1,0,0,0,0,0,0,0,4,9.174091239301061,2000,6,14.914123179965662
The Emperor's New Groove,2000,7.6,7204.0,"Adventure, Animation, Comedy, Family, Fantasy",78 min,"$100,000,000",78.0,100000000.0,0,0,1,1,0,0,1,1,0,0,0,1,5,8.882530508433623,2000,24,18.420680753952364
The Killer's Game,2024,6.4,519.0,"Action, Comedy, Thriller",104 min,"$30,000,000",104.0,30000000.0,1,0,0,1,1,0,0,0,0,0,0,0,3,6.253828811575473,2020,17,17.216707972959764
Jurassic World Dominion,2022,6.6,6931.0,"Adventure, Action, Science Fiction",147 min,"$465,000,000",147.0,465000000.0,1,0,1,0,0,1,0,0,0,0,0,0,3,8.843903650835497,2020,23,19.95754796570217
The Hangover,2009,7.3,17885.0,Comedy,100 min,"$35,000,000",100.0,35000000.0,0,0,0,1,0,0,0,0,0,0,0,0,1,9.791773562906126,2000,12,17.370858648025116
Jack Reacher,2012,6.7,7524.0,"Crime, Drama, Thriller, Action",130 min,"$60,000,000",130.0,60000000.0,1,1,0,0,1,0,0,0,1,0,0,0,4,8.925986089617076,2010,12,17.909855136853043
Lolita,1997,7.1,1934.0,"Drama, Romance",137 min,"$62,000,000",137.0,62000000.0,0,1,0,0,0,0,0,0,0,1,0,0,2,7.5678626054638825,1990,6,17.9426449591384
Guardians of the Galaxy Vol. 3,2023,7.9,8083.0,"Science Fiction, Adventure, Action",150 min,"$250,000,000",150.0,250000000.0,1,0,1,0,0,1,0,0,0,0,0,0,3,8.997642078523512,2020,30,19.33697147982652
Shutter Island,2010,8.2,25527.0,"Drama, Thriller, Mystery",138 min,"$80,000,000",138.0,80000000.0,0,1,0,0,1,0,0,0,0,0,0,0,3,10.14753116795808,2010,14,18.197537205138154
Despicable Me,2010,7.3,15893.0,"Family, Comedy, Animation, Science Fiction, Action",95 min,"$69,000,000",95.0,69000000.0,1,0,0,1,0,1,0,1,0,0,0,1,5,9.673696958500125,2010,13,18.049617077054286
The Dark Knight Rises,2012,7.8,24078.0,"Action, Crime, Drama, Thriller",165 min,"$250,000,000",165.0,250000000.0,1,1,0,0,1,0,0,0,1,0,0,0,4,10.089095370321234,2010,21,19.33697147982652
Kill Bill: Vol. 1,2003,8.0,18663.0,"Action, Crime",111 min,"$30,000,000",111.0,30000000.0,1,0,0,0,0,0,0,0,1,0,0,0,2,9.834351813701266,2000,17,17.216707972959764
Black Phone 2,2025,6.7,949.0,"Horror, Thriller",114 min,"$30,000,000",114.0,30000000.0,0,0,0,0,1,0,0,0,0,0,1,0,2,6.856461984594587,2020,13,17.216707972959764
Mulan,1998,7.9,10306.0,"Animation, Family, Adventure",88 min,"$90,000,000",88.0,90000000.0,0,0,1,0,0,0,0,1,0,0,0,1,3,9.240578555036793,1990,5,18.31532023940565
The Notebook,2004,7.9,12375.0,"Romance, Drama",123 min,"$29,000,000",123.0,29000000.0,0,1,0,0,0,0,0,0,0,1,0,0,2,9.423514392252901,2000,12,17.182806422433504
Incredibles 2,2018,7.5,13549.0,"Action, Adventure, Animation, Family",118 min,"$200,000,000",118.0,200000000.0,1,0,1,0,0,0,0,1,0,0,0,1,4,9.514141826307847,2010,13,19.11382792951231
Mad Max: Fury Road,2015,7.6,23829.0,"Action, Adventure, Science Fiction",121 min,"$150,000,000",121.0,150000000.0,1,0,1,0,0,1,0,0,0,0,0,0,3,10.078700570092789,2010,18,18.826145858727198
Kingdom of Heaven,2005,7.0,4817.0,"Drama, Action, Adventure, History, War",144 min,"$130,000,000",144.0,130000000.0,1,1,1,0,0,0,0,0,0,0,0,0,5,8.480114183174816,2000,17,18.683045016112164
Dilwale Dulhania Le Jayenge,1995,8.5,4565.0,"Comedy, Drama, Romance",190 min,"$13,200,000",190.0,13200000.0,0,1,0,1,0,0,0,0,0,1,0,0,3,8.42639282708974,1990,27,16.395727463314174
Companion,2025,7.0,2129.0,"Horror, Science Fiction, Thriller",97 min,"$10,000,000",97.0,10000000.0,0,0,0,0,1,1,0,0,0,0,1,0,3,7.6638772587034705,2020,9,16.118095750958314
Home Alone 2: Lost in New York,1992,6.8,10484.0,"Comedy, Family, Adventure",120 min,"$18,000,000",120.0,18000000.0,0,0,1,1,0,0,0,1,0,0,0,0,3,9.25770094333602,1990,30,16.705882371415992
Anora,2024,7.1,3004.0,"Drama, Comedy, Romance",139 min,"$6,000,000",139.0,6000000.0,0,1,0,1,0,0,0,0,0,1,0,0,3,8.008032846969307,2020,5,15.607270193858982
The Ugly Stepsister,2025,7.3,1001.0,"Horror, Comedy, Drama",109 min,"$4,250,000",109.0,4250000.0,0,1,0,1,0,0,0,0,0,0,1,0,3,6.90975328164481,2020,19,15.26242977619469
Meshes of the Afternoon,1943,7.6,433.0,"Mystery, Fantasy",14 min,$275,,275.0,0,0,0,0,0,0,1,0,0,0,0,0,2,6.073044534100405,1940,23,5.62040086571715
The Fifth Element,1997,7.6,11508.0,"Science Fiction, Action, Adventure",126 min,"$90,000,000",126.0,90000000.0,1,0,1,0,0,1,0,0,0,0,0,0,3,9.350884616968491,1990,17,18.31532023940565
Braveheart,1995,7.9,10930.0,"Action, Drama, History, War",178 min,"$72,000,000",178.0,72000000.0,1,1,0,0,0,0,0,0,0,0,0,0,4,9.299358068293836,1990,10,18.09217669086922
Karate Kid: Legends,2025,7.0,1127.0,"Action, Adventure, Drama",94 min,"$45,000,000",94.0,45000000.0,1,1,1,0,0,0,0,0,0,0,0,0,3,7.028201432058005,2020,19,17.622173069956816
Iron Lung,2026,7.2,108.0,"Horror, Science Fiction, Mystery",125 min,"$3,000,000",125.0,3000000.0,0,0,0,0,0,1,0,0,0,0,1,0,3,4.6913478822291435,2020,9,14.914123179965662
Dead Poets Society,1989,8.3,12365.0,Drama,129 min,"$16,400,000",129.0,16400000.0,0,1,0,0,0,0,0,0,0,0,0,0,1,9.422706050118514,1980,18,16.612791953770035
How Green Was My Valley,1941,7.3,446.0,Drama,118 min,"$800,000",118.0,800000.0,0,1,0,0,0,0,0,0,0,0,0,0,1,6.102558594613569,1940,23,13.592368256649284
Kung Fu Panda 4,2024,7.0,3408.0,"Animation, Family, Action, Comedy, Adventure, Fantasy",94 min,"$80,000,000",94.0,80000000.0,1,0,1,1,0,0,1,1,0,0,0,1,6,8.134174272137903,2020,15,18.197537205138154
Ted 2,2015,6.3,7888.0,"Comedy, Fantasy",115 min,"$68,000,000",115.0,68000000.0,0,0,0,1,0,0,1,0,0,0,0,0,2,8.97322466309509,2010,5,18.035018277846262
Die Hard,1988,7.8,12098.0,"Action, Thriller",132 min,"$28,000,000",132.0,28000000.0,1,0,0,0,1,0,0,0,0,0,0,0,2,9.400878083541478,1980,8,17.147715103853763
Aquaman,2018,6.9,14772.0,"Action, Adventure, Fantasy",143 min,"$160,000,000",143.0,160000000.0,1,0,1,0,0,0,1,0,0,0,0,0,3,9.600556469321608,2010,7,18.8906843794481
Greenland,2020,7.1,5127.0,"Action, Adventure, Thriller, Science Fiction",120 min,"$34,000,000",120.0,34000000.0,1,0,1,0,1,1,0,0,0,0,0,0,4,8.542470998600505,2020,9,17.341871111992198
It,2017,7.2,20136.0,"Horror, Thriller, Drama",135 min,"$35,000,000",135.0,35000000.0,0,1,0,0,1,0,0,0,0,0,1,0,3,9.910314197878405,2010,2,17.370858648025116
Cannibal Holocaust,1980,6.3,1819.0,Horror,95 min,"$100,000",95.0,100000.0,0,0,0,0,0,0,0,0,0,0,1,0,1,7.506591780070841,1980,18,11.51293546492023
Hacksaw Ridge,2016,8.2,14652.0,"Drama, History, War",139 min,"$40,000,000",139.0,40000000.0,0,1,0,0,0,0,0,0,0,0,0,0,3,9.592400371638025,2010,13,17.50439003707821
Eenie Meanie,2025,6.3,292.0,"Thriller, Action, Comedy",106 min,"$50,000,000",106.0,50000000.0,1,0,0,1,1,0,0,0,0,0,0,0,3,5.680172609017068,2020,12,17.72753358339242
Once Upon a Time... in Hollywood,2019,7.4,14631.0,"Comedy, Drama, Thriller",162 min,"$95,000,000",162.0,95000000.0,0,1,0,1,1,0,0,0,0,0,0,0,3,9.590966190070702,2010,32,18.36938746009113
Prometheus,2012,6.6,13091.0,"Science Fiction, Mystery",124 min,"$130,000,000",124.0,130000000.0,0,0,0,0,0,1,0,0,0,0,0,0,2,9.47975663562107,2010,10,18.683045016112164
The Departed,2006,8.2,15958.0,"Drama, Thriller, Crime",151 min,"$90,000,000",151.0,90000000.0,0,1,0,0,1,0,0,0,1,0,0,0,3,9.677778212399186,2000,12,18.31532023940565
Five Nights at Freddy's,2023,7.3,4916.0,"Horror, Thriller",110 min,"$20,000,000",110.0,20000000.0,0,0,0,0,1,0,0,0,0,0,1,0,2,8.50045386741194,2020,23,16.811242881518265
Zack Snyder's Justice League,2021,8.1,10677.0,"Action, Adventure, Fantasy",242 min,"$70,000,000",242.0,70000000.0,1,0,1,0,0,0,1,0,0,0,0,0,3,9.275940829060131,2020,28,18.064005814299346
White Chicks,2004,6.9,4425.0,"Comedy, Crime",109 min,"$37,000,000",109.0,37000000.0,0,0,0,1,0,0,0,0,1,0,0,0,2,8.395251520610994,2000,12,17.426428497635523
Jaws,1975,7.7,11362.0,"Horror, Thriller, Adventure",124 min,"$7,000,000",124.0,7000000.0,0,0,1,0,1,0,0,0,0,0,1,0,3,9.338117741918008,1970,4,15.76142084987672
Pirates of the Caribbean: Dead Man's Chest,2006,7.4,16949.0,"Adventure, Fantasy, Action",151 min,"$200,000,000",151.0,200000000.0,1,0,1,0,0,0,1,0,0,0,0,0,3,9.738023112808596,2000,42,19.11382792951231
Batman v Superman: Dawn of Justice,2016,6.0,18804.0,"Action, Adventure, Fantasy",152 min,"$250,000,000",152.0,250000000.0,1,0,1,0,0,0,1,0,0,0,0,0,3,9.841878070904437,2010,34,19.33697147982652
Jurassic World,2015,6.7,21382.0,"Action, Adventure, Science Fiction, Thriller",124 min,"$150,000,000",124.0,150000000.0,1,0,1,0,1,1,0,0,0,0,0,0,4,9.970351492789636,2010,14,18.826145858727198
The Beekeeper,2024,7.2,4059.0,"Action, Crime, Thriller",106 min,"$35,000,000",106.0,35000000.0,1,0,0,0,1,0,0,0,1,0,0,0,3,8.308938252595778,2020,13,17.370858648025116
Cruella,2021,8.0,9942.0,"Comedy, Crime, Adventure",134 min,"$200,000,000",134.0,200000000.0,0,0,1,1,0,0,0,0,1,0,0,0,3,9.204624064980074,2020,7,19.11382792951231
Iron Man 3,2013,6.9,23213.0,"Action, Adventure, Science Fiction",130 min,"$200,000,000",130.0,200000000.0,1,0,1,0,0,1,0,0,0,0,0,0,3,10.052510823928568,2010,10,19.11382792951231
Pride & Prejudice,2005,8.0,8646.0,"Drama, Romance",128 min,"$28,000,000",128.0,28000000.0,0,1,0,0,0,0,0,0,0,1,0,0,2,9.06496771896043,2000,17,17.147715103853763
Bad Boys: Ride or Die,2024,7.3,3236.0,"Action, Comedy, Crime",115 min,"$100,000,000",115.0,100000000.0,1,0,0,1,0,0,0,0,1,0,0,0,3,8.082402253926244,2020,21,18.420680753952364
Once Upon a Time in the West,1968,8.3,4803.0,"Drama, Western",166 min,"$5,000,000",166.0,5000000.0,0,1,0,0,0,0,0,0,0,0,0,0,2,8.477204183199873,1960,28,15.424948670398354
Toy Story 4,2019,7.5,10396.0,"Family, Comedy, Animation, Adventure",100 min,"$175,000,000",100.0,175000000.0,0,0,1,1,0,0,0,1,0,0,0,1,4,9.249272581977971,2010,11,18.980296537602072
The Amazing Spider-Man,2012,6.7,18300.0,"Action, Adventure, Science Fiction",136 min,"$215,000,000",136.0,215000000.0,1,0,1,0,0,1,0,0,0,0,0,0,3,9.814710982145282,2010,22,19.186148590743098
The Conjuring,2013,7.5,12546.0,"Horror, Thriller",112 min,"$13,000,000",112.0,13000000.0,0,0,0,0,1,0,0,0,0,0,1,0,2,9.4372368721597,2010,13,16.380459992348886
Wrath of Man,2021,7.6,5966.0,"Thriller, Crime, Drama",119 min,"$40,000,000",119.0,40000000.0,0,1,0,0,1,0,0,0,1,0,0,0,3,8.693999567522082,2020,12,17.50439003707821
Furiosa: A Mad Max Saga,2024,7.5,4710.0,"Action, Science Fiction, Adventure",149 min,"$168,000,000",149.0,168000000.0,1,0,1,0,0,1,0,0,0,0,0,0,3,8.45765547870004,2020,23,18.939474543319914
Migration,2023,7.3,2199.0,"Family, Comedy, Adventure, Animation",83 min,"$72,000,000",83.0,72000000.0,0,0,1,1,0,0,0,1,0,0,0,1,4,7.696212639346407,2020,9,18.09217669086922
Cast Away,2000,7.7,12114.0,"Adventure, Drama",143 min,"$90,000,000",143.0,90000000.0,0,1,1,0,0,0,0,0,0,0,0,0,2,9.402199633250627,2000,9,18.31532023940565
The Prestige,2006,8.2,17313.0,"Drama, Mystery, Science Fiction",130 min,"$40,000,000",130.0,40000000.0,0,1,0,0,0,1,0,0,0,0,0,0,3,9.75927070177572,2000,12,17.50439003707821
Road House,2024,6.9,2885.0,"Action, Thriller",121 min,"$85,000,000",121.0,85000000.0,1,0,0,0,1,0,0,0,0,0,0,0,2,7.9676267393338165,2020,10,18.258161826219297
The Man from U.N.C.L.E.,2015,7.1,6765.0,"Comedy, Action, Adventure",116 min,"$75,000,000",116.0,75000000.0,1,0,1,1,0,0,0,0,0,0,0,0,3,8.819665349340653,2010,23,18.132998684833918
The Tomorrow War,2021,7.5,4001.0,"Action, Science Fiction, Adventure",138 min,"$200,000,000",138.0,200000000.0,1,0,1,0,0,1,0,0,0,0,0,0,3,8.294549515143679,2020,16,19.11382792951231
Taxi Driver,1976,8.1,13253.0,"Crime, Drama",114 min,"$1,900,000",114.0,1900000.0,0,1,0,0,0,0,0,0,1,0,0,0,2,9.492054672648171,1970,11,14.45736497045232
How to Train Your Dragon,2010,7.9,14168.0,"Fantasy, Adventure, Animation, Family",98 min,"$165,000,000",98.0,165000000.0,0,0,1,0,0,0,1,1,0,0,0,1,4,9.558811758564227,2010,24,18.92145603792546
John Wick: Chapter 4,2023,7.7,7742.0,"Action, Thriller, Crime",170 min,"$100,000,000",170.0,100000000.0,1,0,0,0,1,0,0,0,1,0,0,0,3,8.954544488386723,2020,20,18.420680753952364
Poor Things,2023,7.7,5348.0,"Science Fiction, Romance, Comedy",141 min,"$35,000,000",141.0,35000000.0,0,0,0,1,0,1,0,0,0,1,0,0,3,8.58466490653125,2020,11,17.370858648025116
Fall,2022,7.1,4425.0,Thriller,107 min,"$3,000,000",107.0,3000000.0,0,0,0,0,1,0,0,0,0,0,0,0,1,8.395251520610994,2020,4,14.914123179965662
Knives Out,2019,7.8,13751.0,"Comedy, Crime, Mystery",131 min,"$40,000,000",131.0,40000000.0,0,0,0,1,0,0,0,0,1,0,0,0,3,9.528939547062684,2010,10,17.50439003707821
X-Men: Days of Future Past,2014,7.5,16085.0,"Action, Adventure, Science Fiction",132 min,"$250,000,000",132.0,250000000.0,1,0,1,0,0,1,0,0,0,0,0,0,3,9.685704607464015,2010,26,19.33697147982652
Memento,2000,8.2,15981.0,"Mystery, Thriller",113 min,"$9,000,000",113.0,9000000.0,0,0,0,0,1,0,0,0,0,0,0,0,2,9.679218367934409,2000,7,16.012735246411598
Gladiator II,2024,6.6,4247.0,"Action, Adventure, Drama",148 min,"$310,000,000",148.0,310000000.0,1,1,1,0,0,0,0,0,0,0,0,0,3,8.354203562921775,2020,12,19.552082858669273
Puss in Boots: The Last Wish,2022,8.2,8670.0,"Animation, Adventure, Fantasy, Comedy, Family",103 min,"$90,000,000",103.0,90000000.0,0,0,1,1,0,0,1,1,0,0,0,1,5,9.06773940337716,2020,28,18.31532023940565
Butch Cassidy and the Sundance Kid,1969,7.6,2418.0,"Adventure, Western, Crime, Drama, History",111 min,"$6,000,000",111.0,6000000.0,0,1,1,0,0,0,0,0,1,0,0,0,5,7.791109510610028,1960,34,15.607270193858982
Pirates of the Caribbean: At World's End,2007,7.3,15276.0,"Adventure, Fantasy, Action",169 min,"$300,000,000",169.0,300000000.0,1,0,1,0,0,0,1,0,0,0,0,0,3,9.634103708365723,2000,40,19.519293035953808
Kingdom of the Planet of the Apes,2024,7.1,4144.0,"Science Fiction, Adventure, Action",145 min,"$160,000,000",145.0,160000000.0,1,0,1,0,0,1,0,0,0,0,0,0,3,8.329658067569396,2020,33,18.8906843794481
John Wick: Chapter 2,2017,7.3,14046.0,"Action, Thriller, Crime",122 min,"$40,000,000",122.0,40000000.0,1,0,0,0,1,0,0,0,1,0,0,0,3,9.55016412883091,2010,20,17.50439003707821
Bullet Train,2022,7.4,7321.0,"Action, Comedy, Thriller",126 min,"$90,000,000",126.0,90000000.0,1,0,0,1,1,0,0,0,0,0,0,0,3,8.898638793680181,2020,12,18.31532023940565
Raiders of the Lost Ark,1981,7.9,13443.0,"Adventure, Action",115 min,"$18,000,000",115.0,18000000.0,1,0,1,0,0,0,0,0,0,0,0,0,2,9.506288188844996,1980,23,16.705882371415992
Little Amélie or the Character of Rain,2025,8.0,117.0,"Animation, Drama, Family",78 min,"$11,100,000",78.0,11100000.0,0,1,0,0,0,0,0,1,0,0,0,1,3,4.770684624465665,2020,38,16.22245575637265
Space Jam: A New Legacy,2021,6.6,4186.0,"Family, Comedy, Adventure, Animation, Science Fiction",115 min,"$150,000,000",115.0,150000000.0,0,0,1,1,0,1,0,1,0,0,0,1,5,8.339739766019143,2020,23,18.826145858727198
Black Panther,2018,7.4,23254.0,"Action, Adventure, Science Fiction",135 min,"$200,000,000",135.0,200000000.0,1,0,1,0,0,1,0,0,0,0,0,0,3,10.054275441658197,2010,13,19.11382792951231
The Martian,2015,7.7,20919.0,"Drama, Adventure, Science Fiction",141 min,"$108,000,000",141.0,108000000.0,0,1,1,0,0,1,0,0,0,0,0,0,3,9.94846091817886,2010,11,18.497641794347754
Kung Fu Panda,2008,7.3,12447.0,"Animation, Family, Comedy, Action",90 min,"$130,000,000",90.0,130000000.0,1,0,0,1,0,0,0,1,0,0,0,1,4,9.429315246418172,2000,13,18.683045016112164
Aladdin,1992,7.7,11885.0,"Animation, Family, Adventure, Fantasy, Romance",91 min,"$28,000,000",91.0,28000000.0,0,0,1,0,0,0,1,1,0,1,0,1,5,9.383116515926606,1990,7,17.147715103853763
Luca,2021,7.8,8856.0,"Animation, Comedy, Fantasy, Family, Drama",95 min,"$200,000,000",95.0,200000000.0,0,1,0,1,0,0,1,1,0,0,0,1,5,9.088963385809583,2020,4,19.11382792951231
Back to the Future Part II,1989,7.8,13734.0,"Adventure, Comedy, Science Fiction",108 min,"$40,000,000",108.0,40000000.0,0,0,1,1,0,1,0,0,0,0,0,0,3,9.527702598529375,1980,26,17.50439003707821
Split,2017,7.3,18167.0,"Horror, Thriller",117 min,"$9,000,000",117.0,9000000.0,0,0,0,0,1,0,0,0,0,0,1,0,2,9.807417083785394,2010,5,16.012735246411598
Me Before You,2016,7.9,13090.0,"Drama, Romance",110 min,"$20,000,000",110.0,20000000.0,0,1,0,0,0,0,0,0,0,1,0,0,2,9.479680250180099,2010,13,16.811242881518265
Grown Ups,2010,6.4,6569.0,Comedy,102 min,"$80,000,000",102.0,80000000.0,0,0,0,1,0,0,0,0,0,0,0,0,1,8.790269111478656,2010,9,18.197537205138154
Mickey 17,2025,6.8,3343.0,"Science Fiction, Comedy, Adventure",137 min,"$118,000,000",137.0,118000000.0,0,0,1,1,0,1,0,0,0,0,0,0,3,8.114922974204593,2020,9,18.586195190904515
Eternal Sunshine of the Spotless Mind,2004,8.1,16099.0,"Science Fiction, Drama, Romance",108 min,"$20,000,000",108.0,20000000.0,0,1,0,0,0,1,0,0,0,1,0,0,3,9.686574550972555,2000,37,16.811242881518265
Nightcrawler,2014,7.7,11555.0,"Crime, Drama, Thriller",118 min,"$8,500,000",118.0,8500000.0,0,1,0,0,1,0,0,0,1,0,0,0,3,9.354960061586127,2010,12,15.955576839107596
That's My Boy,2012,5.8,2122.0,Comedy,116 min,"$70,000,000",116.0,70000000.0,0,0,0,1,0,0,0,0,0,0,0,0,1,7.660585461703256,2010,13,18.064005814299346
Eyes Wide Shut,1999,7.5,6894.0,"Drama, Thriller, Mystery",160 min,"$65,000,000",160.0,65000000.0,0,1,0,0,1,0,0,0,0,0,0,0,3,8.838551790227402,1990,14,17.989897843244528
Tomorrowland,2015,6.3,7294.0,"Adventure, Family, Mystery, Science Fiction",130 min,"$190,000,000",130.0,190000000.0,0,0,1,0,0,1,0,1,0,0,0,0,4,8.894944460956886,2010,12,19.06253463538792
Top Gun,1986,7.1,9386.0,"Action, Drama, Romance",110 min,"$15,000,000",110.0,15000000.0,1,1,0,0,0,0,0,0,0,1,0,0,3,9.147081032336992,1980,7,16.52356082573315
Kill Bill: The Whole Bloody Affair,2011,8.0,1173.0,"Action, Crime",253 min,"$55,000,000",253.0,55000000.0,1,0,0,0,0,0,0,0,1,0,0,0,2,7.068172000388042,2010,34,17.822843761378564
Sex Tape,2014,5.4,4195.0,Comedy,94 min,"$40,000,000",94.0,40000000.0,0,0,0,1,0,0,0,0,0,0,0,0,1,8.341886969516187,2010,8,17.50439003707821
Good Boy,2025,6.7,546.0,Horror,73 min,"$70,000",73.0,70000.0,0,0,0,0,0,0,0,0,0,0,1,0,1,6.304448802421981,2020,8,11.156264806643742
Saiyaara,2025,6.4,134.0,"Romance, Drama, Music",150 min,"$5,500,000",150.0,5500000.0,0,1,0,0,0,0,0,0,0,1,0,0,3,4.90527477843843,2020,8,15.520258832020865
Aliens,1986,8.0,10655.0,"Action, Thriller, Science Fiction",137 min,"$18,500,000",137.0,18500000.0,1,0,0,0,1,1,0,0,0,0,0,0,3,9.273878392780171,1980,6,16.733281344102608
Transformers: Age of Extinction,2014,6.0,8647.0,"Science Fiction, Action, Adventure",165 min,"$210,000,000",165.0,210000000.0,1,0,1,0,0,1,0,0,0,0,0,0,3,9.065083359319043,2010,31,19.162618093443648
Smurfs,2025,5.8,247.0,"Animation, Family, Fantasy",89 min,"$58,000,000",89.0,58000000.0,0,0,0,0,0,0,1,1,0,0,0,1,3,5.5134287461649825,2020,6,17.87595358575207
Civil War,2024,6.8,4166.0,"War, Action, Drama",109 min,"$50,000,000",109.0,50000000.0,1,1,0,0,0,0,0,0,0,0,0,0,3,8.334951631422454,2020,9,17.72753358339242
Pacific Rim,2013,6.9,13169.0,"Action, Science Fiction, Adventure",131 min,"$180,000,000",131.0,180000000.0,1,0,1,0,0,1,0,0,0,0,0,0,3,9.485696794737327,2010,11,19.00846741441004
Toy Story 3,2010,7.8,15535.0,"Animation, Family, Comedy",102 min,"$200,000,000",102.0,200000000.0,0,0,0,1,0,0,0,1,0,0,0,1,3,9.650915190531107,2010,11,19.11382792951231
The Raid,2012,7.4,3780.0,"Action, Thriller, Crime",101 min,"$1,100,000",101.0,1100000.0,1,0,0,0,1,0,0,0,1,0,0,0,3,8.237743803890933,2010,8,13.910821646859095
Love Story,1970,6.8,728.0,"Romance, Drama",100 min,"$2,200,000",100.0,2200000.0,0,1,0,0,0,0,0,0,0,1,0,0,2,6.591673732008658,1970,10,14.603968372873895
Everest,2015,6.8,5156.0,"Adventure, Drama, History",121 min,"$55,000,000",121.0,55000000.0,0,1,1,0,0,0,0,0,0,0,0,0,3,8.548110294050959,2010,7,17.822843761378564
You've Got Mail,1998,6.7,3579.0,"Comedy, Romance",119 min,"$65,000,000",119.0,65000000.0,0,0,0,1,0,0,0,0,0,1,0,0,2,8.183118079394745,1990,15,17.989897843244528
Kick-Ass,2010,7.1,12250.0,"Action, Crime",118 min,"$28,000,000",118.0,28000000.0,1,0,0,0,0,0,0,0,1,0,0,0,2,9.41336284529417,2010,8,17.147715103853763
Rambo III,1988,6.2,3418.0,"Action, Adventure, Thriller, War",102 min,"$63,000,000",102.0,63000000.0,1,0,1,0,1,0,0,0,0,0,0,0,4,8.137103389639302,1980,9,17.958645300228824
Legend,2015,7.1,4210.0,"Crime, Thriller",132 min,"$25,000,000",132.0,25000000.0,0,0,0,0,1,0,0,0,1,0,0,0,2,8.345455428161928,2010,6,17.034386422832473
Monster House,2006,6.7,4272.0,"Animation, Comedy, Family, Fantasy",91 min,"$75,000,000",91.0,75000000.0,0,0,0,1,0,0,1,1,0,0,0,1,4,8.360071435644025,2000,13,18.132998684833918
Eagle Eye,2008,6.5,3064.0,"Mystery, Thriller, Action",118 min,"$80,000,000",118.0,80000000.0,1,0,0,0,1,0,0,0,0,0,0,0,3,8.027802848370312,2000,9,18.197537205138154
The Croods: A New Age,2020,7.4,4087.0,"Animation, Family, Adventure, Fantasy, Comedy",95 min,"$65,000,000",95.0,65000000.0,0,0,1,1,0,0,1,1,0,0,0,1,5,8.31581113188354,2020,21,17.989897843244528
Ghostbusters II,1989,6.6,4772.0,"Comedy, Fantasy",108 min,"$37,000,000",108.0,37000000.0,0,0,0,1,0,0,1,0,0,0,0,0,2,8.470730317005897,1980,15,17.426428497635523
Carry-On,2024,6.9,2644.0,"Thriller, Action",120 min,"$47,000,000",120.0,47000000.0,1,0,0,0,1,0,0,0,0,0,0,0,2,7.8804263442924,2020,8,17.665658180950928
Big,1988,7.2,3961.0,"Fantasy, Drama, Comedy",104 min,"$18,000,000",104.0,18000000.0,0,1,0,1,0,0,1,0,0,0,0,0,3,8.284504227258497,1980,3,16.705882371415992
"Crouching Tiger, Hidden Dragon",2000,7.4,3499.0,"Adventure, Drama, Action, Romance",120 min,"$17,000,000",120.0,17000000.0,1,1,1,0,0,0,0,0,0,1,0,0,4,8.160518247477505,2000,30,16.648723960844016
Die Hard: With a Vengeance,1995,7.3,6559.0,"Action, Thriller",128 min,"$90,000,000",128.0,90000000.0,1,0,0,0,1,0,0,0,0,0,0,0,2,8.788745881938135,1990,26,18.31532023940565
Life of Brian,1979,7.8,4840.0,Comedy,94 min,"$4,000,000",94.0,4000000.0,0,0,0,1,0,0,0,0,0,0,0,0,1,8.484876589939695,1970,13,15.201805169084134
Good Fortune,2025,7.0,519.0,"Comedy, Fantasy",97 min,"$30,000,000",97.0,30000000.0,0,0,0,1,0,0,1,0,0,0,0,0,2,6.253828811575473,2020,12,17.216707972959764
Madagascar: Escape 2 Africa,2008,6.5,7345.0,"Adventure, Animation, Comedy, Family",89 min,"$150,000,000",89.0,150000000.0,0,0,1,1,0,0,0,1,0,0,0,1,4,8.901911226379612,2000,27,18.826145858727198
Bad Boys,1995,6.8,6839.0,"Action, Comedy, Crime, Thriller",119 min,"$19,000,000",119.0,19000000.0,1,0,0,1,1,0,0,0,1,0,0,0,4,8.830543010616596,1990,8,16.759949589762293
Barbarian,2022,6.8,3116.0,"Horror, Thriller",103 min,"$4,500,000",103.0,4500000.0,0,0,0,0,1,0,0,0,0,0,1,0,2,8.044626279767337,2020,9,15.319588176962746
Mission: Impossible III,2006,6.8,7507.0,"Adventure, Action, Thriller",126 min,"$150,000,000",126.0,150000000.0,1,0,1,0,1,0,0,0,0,0,0,0,3,8.9237243977064,2000,23,18.826145858727198
I Know What You Did Last Summer,2025,5.7,698.0,"Horror, Thriller, Mystery",111 min,"$18,000,000",111.0,18000000.0,0,0,0,0,1,0,0,0,0,0,1,0,3,6.54965074223381,2020,31,16.705882371415992
Ace Ventura: When Nature Calls,1995,6.3,4474.0,"Crime, Comedy, Adventure",90 min,"$30,000,000",90.0,30000000.0,0,0,1,1,0,0,0,0,1,0,0,0,3,8.406261630708956,1990,30,17.216707972959764
Public Enemies,2009,6.7,4758.0,"Crime, History, Drama",140 min,"$100,000,000",140.0,100000000.0,0,1,0,0,0,0,0,0,1,0,0,0,3,8.46779284112111,2000,14,18.420680753952364
Indiana Jones and the Kingdom of the Crystal Skull,2008,6.0,8909.0,"Adventure, Action",122 min,"$185,000,000",122.0,185000000.0,1,0,1,0,0,0,0,0,0,0,0,0,2,9.094929520464856,2000,50,19.035866388448003
Sherlock Holmes,2009,7.2,14626.0,"Adventure, Crime, Mystery",129 min,"$90,000,000",129.0,90000000.0,0,0,1,0,0,0,0,0,1,0,0,0,3,9.590624414887088,2000,15,18.31532023940565
The Housemaid,2010,6.4,365.0,"Thriller, Drama",107 min,"$4,000,000",107.0,4000000.0,0,1,0,0,1,0,0,0,0,0,0,0,2,5.902633333401366,2010,13,15.201805169084134
Little Women,1994,7.3,1327.0,"Drama, Romance",115 min,"$18,000,000",115.0,18000000.0,0,1,0,0,0,0,0,0,0,1,0,0,2,7.191429330036379,1990,12,16.705882371415992
St. Vincent,2014,7.1,2029.0,Comedy,102 min,"$13,000,000",102.0,13000000.0,0,0,0,1,0,0,0,0,0,0,0,0,1,7.615791072035833,2010,11,16.380459992348886
Final Fantasy: The Spirits Within,2001,6.2,1558.0,"Adventure, Action, Fantasy, Science Fiction, Animation",106 min,"$137,000,000",106.0,137000000.0,1,0,1,0,0,1,1,0,0,0,0,1,5,7.351799869057777,2000,33,18.73549149109167
Shame,2011,6.9,3364.0,Drama,102 min,"$6,500,000",102.0,6500000.0,0,1,0,0,0,0,0,0,0,0,0,0,1,8.121183242078828,2010,5,15.687312888712007
The Wave,2008,7.5,3556.0,"Drama, Thriller",107 min,"$7,500,000",107.0,7500000.0,0,1,0,0,1,0,0,0,0,0,0,0,2,8.176672771948455,2000,8,15.830413711839864
Cirque du Freak: The Vampire's Assistant,2009,5.8,1156.0,"Adventure, Fantasy, Action, Thriller",109 min,"$40,000,000",109.0,40000000.0,1,0,1,0,1,0,1,0,0,0,0,0,4,7.053585727193677,2000,40,17.50439003707821
Ne Zha,2019,7.9,820.0,"Animation, Fantasy, Adventure",110 min,"$22,000,000",110.0,22000000.0,0,0,1,0,0,0,1,0,0,0,0,1,3,6.710523109452428,2010,6,16.906553056777135
Jeepers Creepers,2001,6.5,3226.0,Horror,90 min,"$10,000,000",90.0,10000000.0,0,0,0,0,0,0,0,0,0,0,1,0,1,8.079308192051961,2000,16,16.118095750958314
The Magnificent Seven,1960,7.5,1952.0,"Western, Action, Adventure",127 min,"$2,000,000",127.0,2000000.0,1,0,1,0,0,0,0,0,0,0,0,0,3,7.577121930876679,1960,21,14.508658238524095
The Outsiders,1983,7.2,1518.0,"Crime, Drama",91 min,"$10,000,000",91.0,10000000.0,0,1,0,0,0,0,0,0,1,0,0,0,2,7.325807502595773,1980,13,16.118095750958314
The Hunger Games: The Ballad of Songbirds & Snakes,2023,7.0,3412.0,"Science Fiction, Action",157 min,"$100,000,000",157.0,100000000.0,1,0,0,0,0,1,0,0,0,0,0,0,2,8.135346948906706,2020,50,18.420680753952364
A Streetcar Named Desire,1951,7.6,1454.0,"Drama, Thriller",125 min,"$1,800,000",125.0,1800000.0,0,1,0,0,1,0,0,0,0,0,0,0,2,7.282761179605593,1950,24,14.403297778421795
Rio Bravo,1959,7.8,1244.0,"Western, Drama",141 min,"$1,200,000",141.0,1200000.0,0,1,0,0,0,0,0,0,0,0,0,0,2,7.126890808898808,1950,9,13.997832948091215
Big Fish,2003,7.8,7660.0,"Adventure, Fantasy, Drama",125 min,"$70,000,000",125.0,70000000.0,0,1,1,0,0,0,1,0,0,0,0,0,3,8.94389780251682,2000,8,18.064005814299346
The Twilight Saga: New Moon,2009,6.0,9659.0,"Adventure, Fantasy, Drama, Romance",131 min,"$50,000,000",131.0,50000000.0,0,1,1,0,0,0,1,0,0,1,0,0,4,9.175748927206564,2000,27,17.72753358339242
Teenage Mutant Ninja Turtles: Mutant Mayhem,2023,7.2,1544.0,"Animation, Comedy, Action, Science Fiction",100 min,"$75,000,000",100.0,75000000.0,1,0,0,1,0,1,0,0,0,0,0,1,4,7.3427791893318455,2020,43,18.132998684833918
Robots,2005,6.5,4860.0,"Animation, Comedy, Family, Science Fiction",90 min,"$75,000,000",90.0,75000000.0,0,0,0,1,0,1,0,1,0,0,0,1,4,8.488999457045455,2000,6,18.132998684833918
Meet Joe Black,1998,7.4,5658.0,"Fantasy, Drama, Romance",178 min,"$90,000,000",178.0,90000000.0,0,1,0,0,0,0,1,0,0,1,0,0,3,8.641002477142523,1990,14,18.31532023940565
Panda Plan,2024,6.8,263.0,"Action, Comedy",99 min,"$25,000,000",99.0,25000000.0,1,0,0,1,0,0,0,0,0,0,0,0,2,5.575949103146316,2020,10,17.034386422832473
Don't Tell Mom the Babysitter's Dead,1991,6.2,472.0,"Comedy, Family",105 min,"$10,000,000",105.0,10000000.0,0,0,0,1,0,0,0,1,0,0,0,0,2,6.159095388491933,1990,36,16.118095750958314
"Twinkle, Twinkle Lucky Stars",1985,6.5,161.0,"Action, Comedy",94 min,"$9,023,199",94.0,9023199.0,1,0,0,1,0,0,0,0,0,0,0,0,2,5.087596335232384,1980,28,16.015309596307844
Halloween 5: The Revenge of Michael Myers,1989,5.3,1313.0,"Horror, Thriller",98 min,"$3,000,000",98.0,3000000.0,0,0,0,0,1,0,0,0,0,0,1,0,2,7.1808311990445555,1980,41,14.914123179965662
"Sorry, Baby",2025,6.8,247.0,"Drama, Comedy",104 min,"$1,500,000",104.0,1500000.0,0,1,0,1,0,0,0,0,0,0,0,0,2,5.5134287461649825,2020,11,14.220976332738882
Hot Tub Time Machine 2,2015,5.2,1000.0,Comedy,93 min,"$36,000,000",93.0,36000000.0,0,0,0,1,0,0,0,0,0,0,0,0,1,6.90875477931522,2010,22,17.399029524198163
Peppermint,2018,6.7,2203.0,"Action, Thriller",102 min,"$25,000,000",102.0,25000000.0,1,0,0,0,1,0,0,0,0,0,0,0,2,7.698029170272805,2010,10,17.034386422832473
Legends of the Fall,1994,7.4,2802.0,"Drama, Western, Romance, War, Action",133 min,"$30,000,000",133.0,30000000.0,1,1,0,0,0,0,0,0,0,1,0,0,5,7.938445551164788,1990,19,17.216707972959764
The Artist,2011,7.4,3474.0,"Drama, Comedy, Romance",100 min,"$15,000,000",100.0,15000000.0,0,1,0,1,0,0,0,0,0,1,0,0,3,8.153349757998892,2010,10,16.52356082573315
After Everything,2023,6.9,979.0,"Romance, Drama",93 min,"$14,000,000",93.0,14000000.0,0,1,0,0,0,0,0,0,0,1,0,0,2,6.887552571664617,2020,16,16.454567959008102
Dead Silence,2007,6.4,2407.0,Horror,89 min,"$20,000,000",89.0,20000000.0,0,0,0,0,0,0,0,0,0,0,1,0,1,7.786551806428712,2000,12,16.811242881518265
The Craft,1996,6.8,2017.0,"Horror, Drama, Fantasy",101 min,"$15,000,000",101.0,15000000.0,0,1,0,0,0,0,1,0,0,0,1,0,3,7.609862200913554,1990,9,16.52356082573315
Superman,1978,7.2,4200.0,"Science Fiction, Action, Adventure",144 min,"$55,000,000",144.0,55000000.0,1,0,1,0,0,1,0,0,0,0,0,0,3,8.343077871169383,1970,8,17.822843761378564
The Tin Drum,1979,7.0,521.0,"Drama, History, War",162 min,"$3,000,000",162.0,3000000.0,0,1,0,0,0,0,0,0,0,0,0,0,3,6.257667587882639,1970,12,14.914123179965662
Mission: Impossible II,2000,6.1,7450.0,"Adventure, Action, Thriller",123 min,"$125,000,000",123.0,125000000.0,1,0,1,0,1,0,0,0,0,0,0,0,3,8.916103530553727,2000,22,18.643824303266577
Quantum of Solace,2008,6.3,8406.0,"Adventure, Action, Thriller, Crime",106 min,"$200,000,000",106.0,200000000.0,1,0,1,0,1,0,0,0,1,0,0,0,4,9.036819971135296,2000,17,19.11382792951231
The Theory of Everything,2014,7.8,11022.0,"Drama, Romance",123 min,"$15,000,000",123.0,15000000.0,0,1,0,0,0,0,0,0,0,1,0,0,2,9.307739277963316,2010,24,16.52356082573315
Buen Camino,2025,6.4,387.0,"Comedy, Family, Adventure",,"$28,100,000",,28100000.0,0,0,1,1,0,0,0,1,0,0,0,0,3,5.961005339623274,2020,11,17.151280169891162
Blade: Trinity,2004,5.9,4239.0,"Action, Horror, Science Fiction",113 min,"$65,000,000",113.0,65000000.0,1,0,0,0,0,1,0,0,0,0,1,0,3,8.352318548226004,2000,14,17.989897843244528
Desire,2011,6.3,1351.0,"Drama, Romance",103 min,"$1,344,000",103.0,1344000.0,0,1,0,0,0,0,0,0,0,1,0,0,2,7.20934025660291,2010,6,14.111161544112575
GoldenEye,1995,6.9,4247.0,"Adventure, Action, Thriller",130 min,"$60,000,000",130.0,60000000.0,1,0,1,0,1,0,0,0,0,0,0,0,3,8.354203562921775,1990,9,17.909855136853043
Curse of the Golden Flower,2006,6.8,800.0,"Action, Drama, Fantasy",114 min,"$45,000,000",114.0,45000000.0,1,1,0,0,0,0,1,0,0,0,0,0,3,6.68586094706836,2000,26,17.622173069956816
What's the Worst That Could Happen?,2001,5.5,321.0,"Action, Comedy, Crime",94 min,"$60,000,000",94.0,60000000.0,1,0,0,1,0,0,0,0,1,0,0,0,3,5.7745515455444085,2000,35,17.909855136853043
Caligula,1979,6.0,966.0,"Drama, History",156 min,"$17,500,000",156.0,17500000.0,0,1,0,0,0,0,0,0,0,0,0,0,2,6.874198495453294,1970,8,16.677711496036597
The Secret in Their Eyes,2009,8.0,2802.0,"Mystery, Thriller, Drama",130 min,"$2,000,000",130.0,2000000.0,0,1,0,0,1,0,0,0,0,0,0,0,3,7.938445551164788,2000,24,14.508658238524095
A Man Called Otto,2022,7.8,3487.0,"Comedy, Drama",126 min,"$50,000,000",126.0,50000000.0,0,1,0,1,0,0,0,0,0,0,0,0,2,8.15708378502887,2020,17,17.72753358339242
Breaking In,2018,6.0,685.0,"Action, Crime, Thriller",88 min,"$6,000,000",88.0,6000000.0,1,0,0,0,1,0,0,0,1,0,0,0,3,6.530877627725885,2010,11,15.607270193858982
Fantasy Island,2020,5.8,2608.0,"Adventure, Fantasy, Horror, Mystery",109 min,"$7,000,000",109.0,7000000.0,0,0,1,0,0,0,1,0,0,0,1,0,4,7.866722285136729,2020,14,15.76142084987672
Pearl,2022,7.2,2481.0,"Horror, Thriller",102 min,"$1,000,000",102.0,1000000.0,0,0,0,0,1,0,0,0,0,0,1,0,2,7.8168199657645525,2020,5,13.815511557963774
"Red, White & Royal Blue",2023,7.9,1515.0,"Comedy, Romance",118 min,"$20,000,000",118.0,20000000.0,0,0,0,1,0,0,0,0,0,1,0,0,2,7.323830566202317,2020,23,16.811242881518265
Ghosted,2023,6.9,2131.0,"Action, Comedy, Romance",117 min,"$40,000,000",117.0,40000000.0,1,0,0,1,0,0,0,0,0,1,0,0,3,7.664815785285735,2020,7,17.50439003707821
The Master,2012,7.1,3250.0,Drama,137 min,"$32,000,000",137.0,32000000.0,0,1,0,0,0,0,0,0,0,0,0,0,1,8.086717920303906,2010,10,17.281246492014
Fantastic Mr. Fox,2009,7.8,5982.0,"Adventure, Animation, Comedy, Family",87 min,"$40,000,000",87.0,40000000.0,0,0,1,1,0,0,0,1,0,0,0,1,4,8.696677393390031,2000,17,17.50439003707821
Click,2006,6.3,7457.0,"Comedy, Drama, Fantasy",107 min,"$82,500,000",107.0,82500000.0,0,1,0,1,0,0,1,0,0,0,0,0,3,8.917042560738766,2000,5,18.228308863426122
House of Flying Daggers,2004,7.3,1759.0,"Adventure, Drama, Action",119 min,"$15,000,000",119.0,15000000.0,1,1,1,0,0,0,0,0,0,0,0,0,3,7.473069088032197,2000,23,16.52356082573315
Carrie,1976,7.3,4234.0,"Horror, Thriller",98 min,"$1,800,000",98.0,1800000.0,0,0,0,0,1,0,0,0,0,0,1,0,2,8.351138607086154,1970,6,14.403297778421795
13 Going on 30,2004,6.8,5476.0,"Comedy, Fantasy, Romance",98 min,"$37,000,000",98.0,37000000.0,0,0,0,1,0,0,1,0,0,1,0,0,3,8.608312784783722,2000,14,17.426428497635523
300: Rise of an Empire,2014,6.1,6870.0,"Action, Drama, War",102 min,"$110,000,000",102.0,110000000.0,1,1,0,0,0,0,0,0,0,0,0,0,3,8.835064935031076,2010,22,18.5159909328476
Operation Red Sea,2018,7.4,429.0,"Action, Thriller, War, Adventure",138 min,"$70,000,000",138.0,70000000.0,1,0,1,0,1,0,0,0,0,0,0,0,4,6.063785208687608,2010,17,18.064005814299346
Dark Phoenix,2019,6.0,6979.0,"Science Fiction, Action, Adventure",114 min,"$200,000,000",114.0,200000000.0,1,0,1,0,0,1,0,0,0,0,0,0,3,8.850804195756417,2010,12,19.11382792951231
Central Intelligence,2016,6.4,6274.0,"Action, Comedy",107 min,"$50,000,000",107.0,50000000.0,1,0,0,1,0,0,0,0,0,0,0,0,2,8.744328763999984,2010,20,17.72753358339242
Billy Elliot,2000,7.6,4037.0,"Drama, Comedy, Music",111 min,"$5,000,000",111.0,5000000.0,0,1,0,1,0,0,0,0,0,0,0,0,3,8.303504798872783,2000,12,15.424948670398354
Sense and Sensibility,1995,7.4,1812.0,"Drama, Romance",136 min,"$16,000,000",136.0,16000000.0,0,1,0,0,0,0,0,0,0,1,0,0,2,7.502738210754851,1990,21,16.588099342704055
The Lucky One,2012,7.2,3790.0,"Drama, Romance",101 min,"$25,000,000",101.0,25000000.0,0,1,0,0,0,0,0,0,0,1,0,0,2,8.240385115516334,2010,13,17.034386422832473
Space Jam,1996,6.8,6341.0,"Comedy, Animation, Family, Science Fiction",87 min,"$80,000,000",87.0,80000000.0,0,0,0,1,0,1,0,1,0,0,0,1,4,8.754949455098293,1990,9,18.197537205138154
Extraction 2,2023,7.4,2815.0,"Action, Thriller, Crime",122 min,"$65,000,000",122.0,65000000.0,1,0,0,0,1,0,0,0,1,0,0,0,3,7.943072717277933,2020,12,17.989897843244528
The Karate Kid,1984,7.2,4619.0,"Action, Adventure, Drama, Family",127 min,"$8,000,000",127.0,8000000.0,1,1,1,0,0,0,0,1,0,0,0,0,4,8.438149984075784,1980,14,15.894952224644102
Hostel,2006,6.0,3885.0,Horror,94 min,"$4,800,000",94.0,4800000.0,0,0,0,0,0,0,0,0,0,0,1,0,1,8.265135629937385,2000,6,15.38412668421143
New Police Story,2004,7.1,806.0,"Action, Thriller, Crime, Drama",122 min,"$20,000,000",122.0,20000000.0,1,1,0,0,1,0,0,0,1,0,0,0,4,6.693323668269949,2000,16,16.811242881518265
Bloodsport,1988,7.0,2088.0,"Action, Thriller, Drama",92 min,"$1,500,000",92.0,1500000.0,1,1,0,0,1,0,0,0,0,0,0,0,3,7.644440761556566,1980,10,14.220976332738882
Moonfall,2022,6.3,3494.0,"Science Fiction, Adventure, Action",131 min,"$146,000,000",131.0,146000000.0,1,0,1,0,0,1,0,0,0,0,0,0,3,8.15908865466791,2020,8,18.799117186521926
A Tale of Two Sisters,2003,7.1,1314.0,"Drama, Horror, Mystery",115 min,"$15,100,000",115.0,15100000.0,0,1,0,0,0,0,0,0,0,0,1,0,3,7.181591944611865,2000,21,16.530205368010318
Robin Hood,2018,5.9,3110.0,"Adventure, Action, Thriller, Fantasy",116 min,"$100,000,000",116.0,100000000.0,1,0,1,0,1,0,1,0,0,0,0,0,4,8.042699496897637,2010,10,18.420680753952364
Shinjuku Incident,2009,6.7,312.0,"Drama, Action, Thriller, Crime",119 min,"$15,000,000",119.0,15000000.0,1,1,0,0,1,0,0,0,1,0,0,0,4,5.746203190540153,2000,17,16.52356082573315
Mission: Impossible - Ghost Protocol,2011,7.1,10637.0,"Action, Thriller, Adventure",133 min,"$145,000,000",133.0,145000000.0,1,0,1,0,1,0,0,0,0,0,0,0,3,9.272187775302262,2010,36,18.7922443072814
Peter Pan,2003,7.1,2745.0,"Adventure, Fantasy, Family",113 min,"$100,000,000",113.0,100000000.0,0,0,1,0,0,0,1,1,0,0,0,0,3,7.917900586327916,2000,9,18.420680753952364
Hercules,2014,5.8,4292.0,"Action, Adventure",98 min,"$100,000,000",98.0,100000000.0,1,0,1,0,0,0,0,0,0,0,0,0,2,8.36474106822456,2010,8,18.420680753952364
Robin Hood: Prince of Thieves,1991,6.9,3518.0,"Action, Adventure, Drama",143 min,"$48,000,000",143.0,48000000.0,1,1,1,0,0,0,0,0,0,0,0,0,3,8.165932137321585,1990,29,17.6867115897055
Evangelion: 1.0 You Are (Not) Alone,2007,7.6,1065.0,"Animation, Science Fiction, Action, Drama",101 min,"$7,000,000",101.0,7000000.0,1,1,0,0,0,1,0,0,0,0,0,1,4,6.97166860472579,2000,35,15.76142084987672
After.Life,2009,6.3,1211.0,"Drama, Horror, Mystery, Thriller",104 min,"$4,500,000",104.0,4500000.0,0,1,0,0,1,0,0,0,0,0,1,0,4,7.10002716662926,2000,10,15.319588176962746
As Good as It Gets,1997,7.4,4056.0,"Drama, Comedy, Romance",139 min,"$50,000,000",139.0,50000000.0,0,1,0,1,0,0,0,0,0,1,0,0,3,8.308199063206446,1990,18,17.72753358339242
Enter the Dragon,1973,7.4,2049.0,Action,102 min,"$850,000",102.0,850000.0,1,0,0,0,0,0,0,0,0,0,0,0,1,7.6255950721324535,1970,16,13.652992804936396
Ghostbusters: Afterlife,2021,7.3,5062.0,"Fantasy, Comedy, Adventure",124 min,"$75,000,000",124.0,75000000.0,0,0,1,1,0,0,1,0,0,0,0,0,3,8.529714471969909,2020,23,18.132998684833918
West Side Story,2021,6.9,1747.0,"Drama, Romance, Crime",156 min,"$100,000,000",156.0,100000000.0,0,1,0,0,0,0,0,0,1,1,0,0,3,7.466227556215481,2020,15,18.420680753952364
Bolt,2008,6.5,6421.0,"Animation, Family, Adventure, Comedy",98 min,"$150,000,000",98.0,150000000.0,0,0,1,1,0,0,0,1,0,0,0,1,4,8.76748487464946,2000,4,18.826145858727198
Sanju,2018,7.2,213.0,Drama,161 min,"$21,918,618",161.0,21918618.0,0,1,0,0,0,0,0,0,0,0,0,0,1,5.365976015021851,2010,5,16.902847016234574
The Blue Lagoon,1980,6.1,1988.0,"Adventure, Drama, Romance",104 min,"$4,500,000",104.0,4500000.0,0,1,1,0,0,0,0,0,0,1,0,0,3,7.5953872788539725,1980,15,15.319588176962746
"Surfer, Dude",2008,4.6,116.0,Comedy,85 min,"$6,000,000",85.0,6000000.0,0,0,0,1,0,0,0,0,0,0,0,0,1,4.762173934797756,2000,12,15.607270193858982
The Book of Eli,2010,6.8,6571.0,"Action, Thriller, Science Fiction",118 min,"$80,000,000",118.0,80000000.0,1,0,0,0,1,1,0,0,0,0,0,0,3,8.790573479157159,2010,15,18.197537205138154
Drive My Car,2021,7.4,1462.0,Drama,179 min,"$1,300,000",179.0,1300000.0,0,1,0,0,0,0,0,0,0,0,0,0,1,7.288244401020124,2020,12,14.077875591662238
Ma,2019,5.8,2400.0,"Horror, Thriller",99 min,"$5,000,000",99.0,5000000.0,0,0,0,0,1,0,0,0,0,0,1,0,2,7.783640596221253,2010,2,15.424948670398354
Elektra,2005,5.0,2616.0,"Action, Fantasy, Adventure",97 min,"$43,000,000",97.0,43000000.0,1,0,1,0,0,0,1,0,0,0,0,0,3,7.869783902530146,2000,7,17.57671069691365
Sky Captain and the World of Tomorrow,2004,5.9,1347.0,"Mystery, Action, Thriller, Science Fiction, Adventure",107 min,"$70,000,000",107.0,70000000.0,1,0,1,0,1,1,0,0,0,0,0,0,5,7.206377291472252,2000,37,18.064005814299346
Dinosaur,2000,6.6,2708.0,"Animation, Family, Adventure, Drama",82 min,"$127,500,000",82.0,127500000.0,0,1,1,0,0,0,0,1,0,0,0,1,4,7.904334842085095,2000,8,18.663626930405893
The Lost City,2022,6.5,3920.0,"Action, Adventure, Comedy",112 min,"$74,000,000",112.0,74000000.0,1,0,1,1,0,0,0,0,0,0,0,0,3,8.27410200229233,2020,13,18.119575664681957
Old Henry,2021,7.3,669.0,"Western, Action, Drama",99 min,"$1,500,000",99.0,1500000.0,1,1,0,0,0,0,0,0,0,0,0,0,3,6.507277712385012,2020,9,14.220976332738882
Career Opportunities,1991,6.9,736.0,"Romance, Comedy",83 min,"$6,000,000",83.0,6000000.0,0,0,0,1,0,0,0,0,0,1,0,0,2,6.602587892189336,1990,20,15.607270193858982
The Strangers,2008,6.1,2627.0,"Horror, Thriller",86 min,"$9,000,000",86.0,9000000.0,0,0,0,0,1,0,0,0,0,0,1,0,2,7.873978379604501,2000,13,16.012735246411598
The Importance of Being Earnest,2002,6.8,501.0,"Comedy, Drama, History, Romance",97 min,"$15,000,000",97.0,15000000.0,0,1,0,1,0,0,0,0,0,1,0,0,4,6.218600119691729,2000,31,16.52356082573315
Zathura: A Space Adventure,2005,6.4,3521.0,"Science Fiction, Adventure, Family",101 min,"$65,000,000",101.0,65000000.0,0,0,1,0,0,1,0,1,0,0,0,0,3,8.166784289056151,2000,26,17.989897843244528
Barnyard,2006,5.9,1159.0,"Animation, Comedy, Family",90 min,"$51,000,000",90.0,51000000.0,0,0,0,1,0,0,0,1,0,0,0,1,3,7.05617528410041,2000,8,17.747336210296442
Batman & Robin,1997,4.4,5338.0,"Action, Science Fiction, Adventure",125 min,"$125,000,000",125.0,125000000.0,1,0,1,0,0,1,0,0,0,0,0,0,3,8.582793648500186,1990,14,18.643824303266577
Yesterday,2019,6.7,4211.0,"Comedy, Fantasy, Music, Romance",116 min,"$26,000,000",116.0,26000000.0,0,0,0,1,0,0,1,0,0,1,0,0,4,8.345692873253865,2010,9,17.073607134447293
Drive Angry,2011,5.5,1995.0,"Fantasy, Thriller, Action, Crime",104 min,"$50,000,000",104.0,50000000.0,1,0,0,0,1,0,1,0,1,0,0,0,4,7.59890045687141,2010,11,17.72753358339242
Rush Hour 2,2001,6.8,4498.0,"Action, Comedy, Crime",90 min,"$90,000,000",90.0,90000000.0,1,0,0,1,0,0,0,0,1,0,0,0,3,8.411610428841172,2000,11,18.31532023940565
Alvin and the Chipmunks,2007,5.8,4693.0,"Comedy, Family, Fantasy, Animation",92 min,"$60,000,000",92.0,60000000.0,0,0,0,1,0,0,1,1,0,0,0,1,4,8.454040376410969,2000,23,17.909855136853043
Friday the 13th: A New Beginning,1985,5.3,1273.0,"Horror, Thriller",92 min,"$2,200,000",92.0,2200000.0,0,0,0,0,1,0,0,0,0,0,1,0,2,7.149916836132109,1980,32,14.603968372873895
The Chronicles of Narnia: Prince Caspian,2008,6.6,6696.0,"Adventure, Family, Fantasy",150 min,"$225,000,000",150.0,225000000.0,0,0,1,0,0,0,1,1,0,0,0,0,3,8.80941494391005,2000,40,19.23161096461314
Bad Teacher,2011,5.6,4903.0,Comedy,92 min,"$20,000,000",92.0,20000000.0,0,0,0,1,0,0,0,0,0,0,0,0,1,8.497806477616047,2010,11,16.811242881518265
The Twilight Saga: Eclipse,2010,6.2,9173.0,"Adventure, Fantasy, Drama, Romance",124 min,"$68,000,000",124.0,68000000.0,0,1,1,0,0,0,1,0,0,1,0,0,4,9.124128675157117,2010,26,18.035018277846262
Marriage Story,2019,7.7,7333.0,Drama,137 min,"$18,000,000",137.0,18000000.0,0,1,0,0,0,0,0,0,0,0,0,0,1,8.900276348631271,2010,14,16.705882371415992
Immaculate,2024,6.2,1577.0,"Horror, Mystery, Thriller",89 min,"$9,000,000",89.0,9000000.0,0,0,0,0,1,0,0,0,0,0,1,0,3,7.363913501405819,2020,10,16.012735246411598
Jonah Hex,2010,5.0,1525.0,"Western, Fantasy, Thriller",81 min,"$47,000,000",81.0,47000000.0,0,0,0,0,1,0,1,0,0,0,0,0,3,7.330405211844402,2010,9,17.665658180950928
Not Another Teen Movie,2001,5.8,2247.0,Comedy,89 min,"$16,000,000",89.0,16000000.0,0,0,0,1,0,0,0,0,0,0,0,0,1,7.717796211013582,2000,22,16.588099342704055
Don Jon,2013,6.0,4529.0,"Romance, Comedy, Drama",90 min,"$3,000,000",90.0,3000000.0,0,1,0,1,0,0,0,0,0,1,0,0,3,8.41847721847708,2010,7,14.914123179965662
Shazam! Fury of the Gods,2023,6.4,3563.0,"Comedy, Action, Fantasy",130 min,"$110,000,000",130.0,110000000.0,1,0,0,1,0,0,1,0,0,0,0,0,3,8.1786387885907,2020,24,18.5159909328476
The Princess Diaries,2001,7.0,5221.0,"Comedy, Family, Romance",115 min,"$37,000,000",115.0,37000000.0,0,0,0,1,0,0,0,1,0,1,0,0,3,8.560635749259074,2000,20,17.426428497635523
Teen Wolf: The Movie,2023,7.5,933.0,"Action, Fantasy, TV Movie",140 min,"$15,000,000",140.0,15000000.0,1,0,0,0,0,0,1,0,0,0,0,0,3,6.839476438228843,2020,20,16.52356082573315
Cold Mountain,2003,6.9,1940.0,"War, History, Adventure, Romance",154 min,"$79,000,000",154.0,79000000.0,0,0,1,0,0,0,0,0,0,1,0,0,4,7.57095858316901,2000,13,18.184958423089522
The Jacket,2005,6.9,1650.0,"Drama, Mystery, Science Fiction, Thriller, Fantasy",103 min,"$29,000,000",103.0,29000000.0,0,1,0,0,1,1,1,0,0,0,0,0,5,7.409136443920128,2000,10,17.182806422433504
Step Up,2006,6.9,3858.0,"Music, Drama, Romance, Crime",104 min,"$12,000,000",104.0,12000000.0,0,1,0,0,0,0,0,0,1,1,0,0,4,8.258163361537619,2000,7,16.300417291085605
21 Jump Street,2012,6.9,10878.0,"Action, Comedy, Crime",109 min,"$42,000,000",109.0,42000000.0,1,0,0,1,0,0,0,0,1,0,0,0,3,9.294589604421082,2010,14,17.553180200057167
The SpongeBob Movie: Sponge Out of Water,2015,6.1,2499.0,"Family, Comedy, Adventure, Animation, Fantasy",93 min,"$74,000,000",93.0,74000000.0,0,0,1,1,0,0,1,1,0,0,0,1,5,7.824046010856292,2010,40,18.119575664681957
Tombstone,1993,7.6,2396.0,"Western, Action",130 min,"$25,000,000",130.0,25000000.0,1,0,0,0,0,0,0,0,0,0,0,0,2,7.781973234434385,1990,9,17.034386422832473
Bāhubali: The Beginning,2015,7.5,908.0,"Action, Drama",159 min,"$25,130,430",159.0,25130430.0,1,1,0,0,0,0,0,0,0,0,0,0,2,6.812345094177479,2010,23,17.03959006018846
Armour of God,1986,7.0,632.0,"Adventure, Action, Comedy",97 min,"$15,000,000",97.0,15000000.0,1,0,1,1,0,0,0,0,0,0,0,0,3,6.450470422144176,1980,13,16.52356082573315
Mrs. Doubtfire,1993,7.2,6531.0,"Comedy, Drama, Family",125 min,"$25,000,000",125.0,25000000.0,0,1,0,1,0,0,0,1,0,0,0,0,3,8.784468454090355,1990,14,17.034386422832473
Elysium,2013,6.5,9451.0,"Science Fiction, Action, Drama, Thriller",109 min,"$115,000,000",109.0,115000000.0,1,1,0,0,1,1,0,0,0,0,0,0,4,9.1539816383068,2010,7,18.560442695023177
Waves,2019,7.4,793.0,"Romance, Drama",136 min,"$6,000,000",136.0,6000000.0,0,1,0,0,0,0,0,0,0,1,0,0,2,6.677083461247136,2010,5,15.607270193858982
Cowboys & Aliens,2011,5.6,5332.0,"Action, Science Fiction, Thriller, Western",119 min,"$163,000,000",119.0,163000000.0,1,0,0,0,1,1,0,0,0,0,0,0,4,8.581669210600602,2010,16,18.909260764906005
Lost Highway,1997,7.5,2891.0,"Drama, Thriller, Mystery",134 min,"$15,000,000",134.0,15000000.0,0,1,0,0,1,0,0,0,0,0,0,0,3,7.969703583278656,1990,12,16.52356082573315
Bloodshot,2020,6.7,5195.0,"Action, Science Fiction, Adventure",110 min,"$42,000,000",110.0,42000000.0,1,0,1,0,0,1,0,0,0,0,0,0,3,8.55564437779049,2020,9,17.553180200057167
Hellboy,2019,5.6,3658.0,"Fantasy, Horror, Action, Adventure",121 min,"$50,000,000",121.0,50000000.0,1,0,1,0,0,0,1,0,0,0,1,0,4,8.204945165019208,2010,7,17.72753358339242
No Way Out,1987,6.9,785.0,"Thriller, Drama",114 min,"$15,000,000",114.0,15000000.0,0,1,0,0,1,0,0,0,0,0,0,0,2,6.666956792429207,1980,10,16.52356082573315
Fighter,2024,6.2,153.0,"Action, Drama",167 min,"$30,069,500",167.0,30069500.0,1,1,0,0,0,0,0,0,0,0,0,0,2,5.0369526024136295,2020,7,17.219021960214448
Indiana Jones and the Last Crusade,1989,7.8,10914.0,"Adventure, Action",127 min,"$48,000,000",127.0,48000000.0,1,0,1,0,0,0,0,0,0,0,0,0,2,9.297893268984044,1980,34,17.6867115897055
Cinema Paradiso,1988,8.4,4754.0,"Drama, Romance",124 min,"$5,000,000",124.0,5000000.0,0,1,0,0,0,0,0,0,0,1,0,0,2,8.46695197497949,1980,15,15.424948670398354
Tomb Raider,2018,6.4,8264.0,"Action, Adventure, Fantasy",118 min,"$94,000,000",118.0,94000000.0,1,0,1,0,0,0,1,0,0,0,0,0,3,9.019785010255125,2010,11,18.358805350872576
Shortbus,2006,6.3,566.0,"Romance, Drama, Comedy",101 min,"$2,000,000",101.0,2000000.0,0,1,0,1,0,0,0,0,0,1,0,0,3,6.340359303727752,2000,8,14.508658238524095
Rustom,2016,6.7,134.0,"Thriller, Drama, Crime",148 min,"$6,114,349",148.0,6114349.0,0,1,0,0,1,0,0,0,1,0,0,0,3,4.90527477843843,2010,6,15.626149025460132
"Salò, or the 120 Days of Sodom",1976,6.3,2258.0,"Drama, Horror",117 min,"$800,000",117.0,800000.0,0,1,0,0,0,0,0,0,0,0,1,0,2,7.7226775164680035,1970,30,13.592368256649284
Survivor,2015,5.7,1068.0,"Action, Crime, Mystery, Thriller",96 min,"$20,000,000",96.0,20000000.0,1,0,0,0,1,0,0,0,1,0,0,0,4,6.974478911025045,2010,8,16.811242881518265
Possessor,2020,6.4,1017.0,"Horror, Thriller, Science Fiction",103 min,"$2,500,000",103.0,2500000.0,0,0,0,0,1,1,0,0,0,0,1,0,3,6.925595197110468,2020,9,14.731801689838349
Act of Valor,2012,6.5,1222.0,"Action, Thriller, War",110 min,"$12,000,000",110.0,12000000.0,1,0,0,0,1,0,0,0,0,0,0,0,3,7.109062135687172,2010,12,16.300417291085605
The Piano Teacher,2001,7.3,1240.0,"Drama, Romance",131 min,"$6,200,000",131.0,6200000.0,0,1,0,0,0,0,0,0,0,1,0,0,2,7.123672785204607,2000,17,15.64006001130563
Sausage Party,2016,5.8,7649.0,"Adventure, Animation, Comedy, Fantasy",89 min,"$19,000,000",89.0,19000000.0,0,0,1,1,0,0,1,0,0,0,0,1,4,8.942460926820582,2010,13,16.759949589762293
The Equalizer 2,2018,6.8,5859.0,"Action, Thriller, Crime",121 min,"$62,000,000",121.0,62000000.0,1,0,0,0,1,0,0,0,1,0,0,0,3,8.675904882571059,2010,15,17.9426449591384
Girls Trip,2017,6.8,1559.0,"Comedy, Romance, Adventure",122 min,"$19,000,000",122.0,19000000.0,0,0,1,1,0,0,0,0,0,1,0,0,3,7.352441100243583,2010,10,16.759949589762293
Kabhi Khushi Kabhie Gham,2001,7.7,590.0,"Comedy, Drama",209 min,"$7,500,000",209.0,7500000.0,0,1,0,1,0,0,0,0,0,0,0,0,2,6.3818160174060985,2000,24,15.830413711839864
Three,2005,5.6,281.0,"Adventure, Drama, Thriller",95 min,"$9,000,000",95.0,9000000.0,0,1,1,0,1,0,0,0,0,0,0,0,3,5.641907070938114,2000,5,16.012735246411598
Little Nicky,2000,5.8,1947.0,"Comedy, Fantasy",90 min,"$85,000,000",90.0,85000000.0,0,0,0,1,0,0,1,0,0,0,0,0,2,7.5745584842024805,2000,12,18.258161826219297
The Game,1997,7.6,7201.0,"Drama, Thriller, Mystery",129 min,"$50,000,000",129.0,50000000.0,0,1,0,0,1,0,0,0,0,0,0,0,3,8.882114044208821,1990,8,17.72753358339242
Talk to Me,2023,7.1,3622.0,Horror,95 min,"$4,500,000",95.0,4500000.0,0,0,0,0,0,0,0,0,0,0,1,0,1,8.195057690895077,2020,10,15.319588176962746
Star Trek V: The Final Frontier,1989,5.7,1283.0,"Science Fiction, Action, Adventure, Thriller",106 min,"$33,000,000",106.0,33000000.0,1,0,1,0,1,1,0,0,0,0,0,0,4,7.157735484249907,1980,31,17.312018149733785
Youth,2015,6.9,2178.0,"Comedy, Drama, Romance",125 min,"$13,360,000",125.0,13360000.0,0,1,0,1,0,0,0,0,0,1,0,0,3,7.68662133494462,2010,5,16.40777580092307
The Cat o' Nine Tails,1971,6.7,445.0,"Horror, Mystery, Thriller",112 min,"$1,000,000",112.0,1000000.0,0,0,0,0,1,0,0,0,0,0,1,0,3,6.100318952020064,1970,21,13.815511557963774
The Crucible,1996,6.6,545.0,"Drama, History",123 min,"$25,000,000",123.0,25000000.0,0,1,0,0,0,0,0,0,0,0,0,0,2,6.302618975744905,1990,12,17.034386422832473
Hunt,2022,6.8,207.0,"Action, Mystery, Drama",131 min,"$17,000,000",131.0,17000000.0,1,1,0,0,0,0,0,0,0,0,0,0,3,5.337538079701318,2020,4,16.648723960844016
Trading Places,1983,7.2,3594.0,Comedy,116 min,"$15,000,000",116.0,15000000.0,0,0,0,1,0,0,0,0,0,0,0,0,1,8.187299270155147,1980,14,16.52356082573315
Rules of Engagement,2000,6.3,778.0,"War, Drama",128 min,"$60,000,000",128.0,60000000.0,0,1,0,0,0,0,0,0,0,0,0,0,2,6.658011045870748,2000,19,17.909855136853043
Birdman or (The Unexpected Virtue of Ignorance),2014,7.4,13448.0,"Drama, Comedy",120 min,"$18,000,000",120.0,18000000.0,0,1,0,1,0,0,0,0,0,0,0,0,2,9.506660032823548,2010,47,16.705882371415992
Sister Act 2: Back in the Habit,1993,6.4,1920.0,"Music, Comedy",107 min,"$38,000,000",107.0,38000000.0,0,0,0,1,0,0,0,0,0,0,0,0,2,7.560601162768557,1990,31,17.453096744006448
Shaolin,2011,6.9,403.0,"Action, Drama",131 min,"$29,000,000",131.0,29000000.0,1,1,0,0,0,0,0,0,0,0,0,0,2,6.0014148779611505,2010,7,17.182806422433504
Life,2017,6.4,7826.0,"Horror, Science Fiction, Mystery",104 min,"$58,000,000",104.0,58000000.0,0,0,0,0,0,1,0,0,0,0,1,0,3,8.965334573804839,2010,4,17.87595358575207
Pokémon Detective Pikachu,2019,6.9,7266.0,"Action, Adventure, Fantasy",105 min,"$150,000,000",105.0,150000000.0,1,0,1,0,0,0,1,0,0,0,0,0,3,8.891098830616636,2010,25,18.826145858727198
Rocky Balboa,2006,6.9,3744.0,Drama,102 min,"$24,000,000",102.0,24000000.0,0,1,0,0,0,0,0,0,0,0,0,0,1,8.22817689595132,2000,12,16.993564429978885
The Perks of Being a Wallflower,2012,7.8,11069.0,Drama,103 min,"$13,000,000",103.0,13000000.0,0,1,0,0,0,0,0,0,0,0,0,0,1,9.311994025702683,2010,31,16.380459992348886
Over the Hedge,2006,6.6,4758.0,"Family, Comedy, Animation, Adventure",83 min,"$80,000,000",83.0,80000000.0,0,0,1,1,0,0,0,1,0,0,0,1,4,8.46779284112111,2000,14,18.197537205138154
The Bourne Legacy,2012,6.2,6041.0,"Action, Thriller",135 min,"$130,000,000",135.0,130000000.0,1,0,0,0,1,0,0,0,0,0,0,0,2,8.706490361946617,2010,17,18.683045016112164
Tower Heist,2011,6.1,3134.0,"Action, Comedy",104 min,"$75,000,000",104.0,75000000.0,1,0,0,1,0,0,0,0,0,0,0,0,2,8.050384453067021,2010,11,18.132998684833918
Terminator: Dark Fate,2019,6.4,5563.0,"Science Fiction, Action, Adventure, Thriller",128 min,"$185,000,000",128.0,185000000.0,1,0,1,0,1,1,0,0,0,0,0,0,4,8.624072553043334,2010,21,19.035866388448003
The Kingdom,2007,6.7,1783.0,"Thriller, Action, Drama",110 min,"$70,000,000",110.0,70000000.0,1,1,0,0,1,0,0,0,0,0,0,0,3,7.486613313139955,2000,11,18.064005814299346
Ghostbusters,2016,5.3,6723.0,"Action, Fantasy, Comedy",117 min,"$144,000,000",117.0,144000000.0,1,0,0,1,0,0,1,0,0,0,0,0,3,8.813438494528507,2010,12,18.78532386448472
Vertigo,1958,8.1,6243.0,"Mystery, Romance, Thriller",128 min,"$2,479,000",128.0,2479000.0,0,0,0,0,1,0,0,0,0,1,0,0,3,8.739376281635323,1950,7,14.72336621440571
Night Swim,2024,5.5,825.0,"Horror, Mystery",98 min,"$15,000,000",98.0,15000000.0,0,0,0,0,0,0,0,0,0,0,1,0,2,6.716594773520978,2020,10,16.52356082573315
Memory,2022,6.7,1628.0,"Action, Thriller, Crime",114 min,"$30,000,000",114.0,30000000.0,1,0,0,0,1,0,0,0,1,0,0,0,3,7.395721608602045,2020,6,17.216707972959764
Pan's Labyrinth,2006,7.8,11304.0,"Fantasy, Drama, War",118 min,"$19,000,000",118.0,19000000.0,0,1,0,0,0,0,1,0,0,0,0,0,3,9.33300038471207,2000,15,16.759949589762293
Carol,2015,7.5,3920.0,"Romance, Drama",118 min,"$11,800,000",118.0,11800000.0,0,1,0,0,0,0,0,0,0,1,0,0,2,8.27410200229233,2010,5,16.283610174181653
A Taxi Driver,2017,8.0,1126.0,"Action, Drama, History",138 min,"$12,820,005",138.0,12820005.0,1,1,0,0,0,0,0,0,0,0,0,0,3,7.027314514039777,2010,13,16.36651747747541
Phenomenon,1996,6.5,1306.0,"Drama, Romance, Fantasy",123 min,"$32,000,000",123.0,32000000.0,0,1,0,0,0,0,1,0,0,1,0,0,3,7.175489713624222,1990,10,17.281246492014
Cloverfield,2008,6.7,7659.0,"Action, Thriller, Science Fiction",85 min,"$25,000,000",85.0,25000000.0,1,0,0,0,1,1,0,0,0,0,0,0,3,8.943767262734637,2000,11,17.034386422832473
Emmanuelle,2024,4.7,104.0,"Drama, Romance",105 min,"$19,000,000",105.0,19000000.0,0,1,0,0,0,0,0,0,0,1,0,0,2,4.653960350157523,2020,10,16.759949589762293
Exit Wounds,2001,5.8,546.0,"Action, Crime, Thriller",101 min,"$33,000,000",101.0,33000000.0,1,0,0,0,1,0,0,0,1,0,0,0,3,6.304448802421981,2000,11,17.312018149733785
Mandela: Long Walk to Freedom,2013,6.9,566.0,"Drama, History",141 min,"$35,000,000",141.0,35000000.0,0,1,0,0,0,0,0,0,0,0,0,0,2,6.340359303727752,2010,29,17.370858648025116
Fist of Fury,1972,7.2,1048.0,"Drama, Action, Thriller",108 min,"$100,000",108.0,100000.0,1,1,0,0,1,0,0,0,0,0,0,0,3,6.955592608396297,1970,12,11.51293546492023
Friday the 13th Part VIII: Jason Takes Manhattan,1989,4.9,1183.0,"Horror, Thriller",100 min,"$5,300,000",100.0,5300000.0,0,0,0,0,1,0,0,0,0,0,1,0,2,7.076653815443951,1980,48,15.483217567201578
Love and Death,1975,7.5,958.0,"Comedy, History",85 min,"$3,000,000",85.0,3000000.0,0,0,0,1,0,0,0,0,0,0,0,0,2,6.8658910748834385,1970,14,14.914123179965662
The Haunting,1999,5.5,1496.0,"Horror, Thriller, Fantasy, Mystery",113 min,"$80,000,000",113.0,80000000.0,0,0,0,0,1,0,1,0,0,0,1,0,4,7.311218384419629,1990,12,18.197537205138154
Who Framed Roger Rabbit,1988,7.5,6090.0,"Fantasy, Animation, Comedy, Crime",104 min,"$70,000,000",104.0,70000000.0,0,0,0,1,0,0,1,0,1,0,0,1,4,8.714567550836485,1980,23,18.064005814299346
1917,2019,8.0,13351.0,"War, History",119 min,"$100,000,000",119.0,100000000.0,0,0,0,0,0,0,0,0,0,0,0,0,2,9.49942146534167,2010,4,18.420680753952364
Rashomon,1950,8.0,2468.0,"Crime, Drama, Mystery",88 min,"$250,000",88.0,250000.0,0,1,0,0,0,0,0,0,1,0,0,0,3,7.81156848934518,1950,8,12.429220196836383
Valiant One,2025,6.7,105.0,"War, Thriller, Action",86 min,"$10,000,000",86.0,10000000.0,1,0,0,0,1,0,0,0,0,0,0,0,3,4.663439094112067,2020,11,16.118095750958314
A Chinese Ghost Story,1987,7.3,329.0,"Fantasy, Action",95 min,"$1,250,000",95.0,1250000.0,1,0,0,0,0,0,1,0,0,0,0,0,2,5.799092654460526,1980,21,14.038654909278163
Jack Ryan: Shadow Recruit,2014,6.1,3032.0,"Action, Drama, Thriller",105 min,"$60,000,000",105.0,60000000.0,1,1,0,0,1,0,0,0,0,0,0,0,3,8.017307507688582,2010,25,17.909855136853043
Marley & Me,2008,7.2,4756.0,"Comedy, Family",115 min,"$60,000,000",115.0,60000000.0,0,0,0,1,0,0,0,1,0,0,0,0,2,8.467372496432281,2000,11,17.909855136853043
A Beautiful Mind,2001,7.9,10912.0,"Drama, Romance",135 min,"$58,000,000",135.0,58000000.0,0,1,0,0,0,0,0,0,0,1,0,0,2,9.29771001811309,2000,16,17.87595358575207
Peter Rabbit,2018,6.7,1888.0,"Animation, Adventure, Family",93 min,"$50,000,000",93.0,50000000.0,0,0,1,0,0,0,0,1,0,0,0,1,3,7.543802867501509,2010,12,17.72753358339242
Rise of the Guardians,2012,7.4,7072.0,"Animation, Family, Fantasy, Action, Adventure",97 min,"$145,000,000",97.0,145000000.0,1,0,1,0,0,0,1,1,0,0,0,1,5,8.86403999703599,2010,21,18.7922443072814
Friday the 13th,1980,6.4,3266.0,Horror,95 min,"$550,000",95.0,550000.0,0,0,0,0,0,0,0,0,0,0,1,0,1,8.09162741160107,1980,15,13.217675375388819
Brother Bear,2003,7.3,5701.0,"Adventure, Animation, Family",85 min,"$128,000,000",85.0,128000000.0,0,0,1,0,0,0,0,1,0,0,0,1,3,8.648572269472618,2000,12,18.667540829696392
Freedom Writers,2007,7.9,2382.0,"Crime, Drama",123 min,"$21,000,000",123.0,21000000.0,0,1,0,0,0,0,0,0,1,0,0,0,2,7.776115477098742,2000,15,16.860033043306743
Æon Flux,2005,5.6,2411.0,"Science Fiction, Action, Thriller",93 min,"$62,000,000",93.0,62000000.0,1,0,0,0,1,1,0,0,0,0,0,0,3,7.788211557847076,2000,8,17.9426449591384
Possession,1981,7.3,1284.0,Horror,124 min,"$2,400,000",124.0,2400000.0,0,0,0,0,0,0,0,0,0,0,1,0,1,7.158513997329321,1980,10,14.690979711984754
Saaho,2019,5.8,108.0,"Action, Adventure, Thriller",171 min,"$51,000,000",171.0,51000000.0,1,0,1,0,1,0,0,0,0,0,0,0,3,4.6913478822291435,2010,5,17.747336210296442
Return of the Jedi,1983,7.9,16716.0,"Adventure, Action, Science Fiction",132 min,"$32,350,000",132.0,32350000.0,1,0,1,0,0,1,0,0,0,0,0,0,3,9.72418144470263,1980,18,17.292124609823084
Speed,1994,7.1,6732.0,"Action, Thriller",116 min,"$30,000,000",116.0,30000000.0,1,0,0,0,1,0,0,0,0,0,0,0,2,8.814776088545281,1990,5,17.216707972959764
The Roses,2025,6.7,612.0,"Comedy, Drama",105 min,"$30,000,000",105.0,30000000.0,0,1,0,1,0,0,0,0,0,0,0,0,2,6.418364935936212,2020,9,17.216707972959764
King Arthur: Legend of the Sword,2017,6.5,5984.0,"Action, Drama, Fantasy",126 min,"$175,000,000",126.0,175000000.0,1,1,0,0,0,0,1,0,0,0,0,0,3,8.697011617992073,2010,32,18.980296537602072
Rear Window,1954,8.3,7051.0,"Thriller, Mystery",112 min,"$1,000,000",112.0,1000000.0,0,0,0,0,1,0,0,0,0,0,0,0,2,8.861066543517762,1950,11,13.815511557963774
The Beach,2000,6.5,4648.0,"Drama, Adventure, Romance, Thriller",119 min,"$40,000,000",119.0,40000000.0,0,1,1,0,1,0,0,0,0,1,0,0,4,8.444407421690585,2000,9,17.50439003707821
Jack the Giant Slayer,2013,5.9,5150.0,"Fantasy, Action, Adventure, Drama",114 min,"$195,000,000",114.0,195000000.0,1,1,1,0,0,0,1,0,0,0,0,0,4,8.546946149565585,2010,21,19.088510121656228
Weird Science,1985,6.5,1518.0,"Comedy, Fantasy, Science Fiction, Romance",93 min,"$7,500,000",93.0,7500000.0,0,0,0,1,0,1,1,0,0,1,0,0,4,7.325807502595773,1980,13,15.830413711839864
Sinister,2012,6.9,5941.0,"Horror, Thriller, Mystery",110 min,"$3,000,000",110.0,3000000.0,0,0,0,0,1,0,0,0,0,0,1,0,3,8.689801056022553,2010,8,14.914123179965662
Hocus Pocus,1993,7.0,3252.0,"Fantasy, Comedy, Family",96 min,"$28,000,000",96.0,28000000.0,0,0,0,1,0,0,1,1,0,0,0,0,3,8.087332926473351,1990,11,17.147715103853763
The Whale,2022,7.8,4531.0,Drama,117 min,"$3,000,000",117.0,3000000.0,0,1,0,0,0,0,0,0,0,0,0,0,1,8.418918622147897,2020,9,14.914123179965662
Upgrade,2018,7.5,4884.0,"Action, Thriller, Science Fiction",100 min,"$3,000,000",100.0,3000000.0,1,0,0,0,1,1,0,0,0,0,0,0,3,8.493924564476883,2010,7,14.914123179965662
The Good Dinosaur,2015,6.7,5916.0,"Adventure, Animation, Family",93 min,"$175,000,000",93.0,175000000.0,0,0,1,0,0,0,0,1,0,0,0,1,3,8.685584842676693,2010,17,18.980296537602072
Kill,2024,7.1,466.0,"Action, Crime, Thriller, Drama",105 min,"$4,800,000",105.0,4800000.0,1,1,0,0,1,0,0,0,1,0,0,0,4,6.1463292576688975,2020,4,15.38412668421143
Star Wars: Episode II - Attack of the Clones,2002,6.6,14149.0,"Adventure, Action, Science Fiction",142 min,"$120,000,000",142.0,120000000.0,1,0,1,0,0,1,0,0,0,0,0,0,3,9.557469903071384,2000,44,18.603002309079653
Lone Survivor,2013,7.4,4662.0,"War, Action, Drama",121 min,"$40,000,000",121.0,40000000.0,1,1,0,0,0,0,0,0,0,0,0,0,3,8.44741429680832,2010,13,17.50439003707821
Bambi,1942,7.0,5973.0,"Animation, Drama, Family",69 min,"$858,000",69.0,858000.0,0,1,0,0,0,0,0,1,0,0,0,1,3,8.695171998776056,1940,5,13.662360543970586
A Glimpse Inside the Mind of Charles Swan III,2013,4.2,105.0,"Comedy, Drama",86 min,"$12,000,000",86.0,12000000.0,0,1,0,1,0,0,0,0,0,0,0,0,2,4.663439094112067,2010,45,16.300417291085605
Jack and the Cuckoo-Clock Heart,2014,7.2,750.0,"Animation, Romance, Adventure, Drama, Fantasy",94 min,"$33,746,302",94.0,33746302.0,0,1,1,0,0,0,1,0,0,1,0,1,5,6.621405651764134,2010,31,17.33438142854205
The King's Man,2021,6.7,4975.0,"Action, Adventure, Thriller",131 min,"$100,000,000",131.0,100000000.0,1,0,1,0,1,0,0,0,0,0,0,0,3,8.512381634419015,2020,14,18.420680753952364
Triangle,2009,6.9,2908.0,Horror,98 min,"$12,000,000",98.0,12000000.0,0,0,0,0,0,0,0,0,0,0,1,0,1,7.975564658495202,2000,8,16.300417291085605
Seeking Justice,2011,5.9,1068.0,"Action, Drama, Thriller",105 min,"$17,000,000",105.0,17000000.0,1,1,0,0,1,0,0,0,0,0,0,0,3,6.974478911025045,2010,15,16.648723960844016
The Transporter,2002,6.7,5723.0,"Action, Crime, Thriller",92 min,"$21,000,000",92.0,21000000.0,1,0,0,0,1,0,0,0,1,0,0,0,3,8.652423140676342,2000,15,16.860033043306743
Animal Kingdom: Let's Go Ape,2015,5.2,363.0,"Adventure, Comedy, Animation",91 min,"$37,580,800",91.0,37580800.0,0,0,1,1,0,0,0,0,0,0,0,1,3,5.8971538676367405,2010,28,17.442003866251447
How the West Was Won,1962,7.0,479.0,Western,164 min,"$15,000,000",164.0,15000000.0,0,0,0,0,0,0,0,0,0,0,0,0,1,6.173786103901937,1960,20,16.52356082573315
Sleepers,1996,7.6,3790.0,"Crime, Drama, Thriller",147 min,"$44,000,000",147.0,44000000.0,0,1,0,0,1,0,0,0,1,0,0,0,3,8.240385115516334,1990,8,17.599700214609808
Casablanca,1943,8.1,5944.0,"Drama, Romance",102 min,"$878,000",102.0,878000.0,0,1,0,0,0,0,0,0,0,1,0,0,2,8.690305809124883,1940,10,13.68540301156877
The Island,2005,6.7,5792.0,"Action, Thriller, Science Fiction, Adventure",136 min,"$126,000,000",136.0,126000000.0,1,0,1,0,1,1,0,0,0,0,0,0,4,8.664405571096625,2000,10,18.65179247285226
Be Cool,2005,5.5,958.0,"Comedy, Crime",119 min,"$53,000,000",119.0,53000000.0,0,0,0,1,0,0,0,0,1,0,0,0,2,6.8658910748834385,2000,7,17.78580249038432
The Fountain,2006,6.9,3041.0,"Drama, Adventure, Science Fiction, Romance",96 min,"$35,000,000",96.0,35000000.0,0,1,1,0,0,1,0,0,0,1,0,0,4,8.020270472819238,2000,12,17.370858648025116
Cook Up a Storm,2017,7.4,195.0,"Comedy, Drama",98 min,"$125,000",98.0,125000.0,0,1,0,1,0,0,0,0,0,0,0,0,2,5.278114659230517,2010,15,11.736077016252437
Freakier Friday,2025,6.9,629.0,"Comedy, Fantasy, Family, Romance",110 min,"$42,000,000",110.0,42000000.0,0,0,0,1,0,0,1,1,0,1,0,0,4,6.4457198193855785,2020,15,17.553180200057167
Angels & Demons,2009,6.7,7222.0,"Thriller, Mystery",139 min,"$150,000,000",139.0,150000000.0,0,0,0,0,1,0,0,0,0,0,0,0,2,8.885025658050846,2000,15,18.826145858727198
Doom,2005,5.2,2389.0,"Action, Horror, Science Fiction",105 min,"$60,000,000",105.0,60000000.0,1,0,0,0,0,1,0,0,0,0,1,0,3,7.779048644925556,2000,4,17.909855136853043
Prince of Persia: The Sands of Time,2010,6.3,7081.0,"Adventure, Fantasy, Action",116 min,"$200,000,000",116.0,200000000.0,1,0,1,0,0,0,1,0,0,0,0,0,3,8.86531163267185,2010,35,19.11382792951231
At Close Range,1986,6.8,300.0,"Crime, Drama, Thriller",111 min,"$6,500,000",111.0,6500000.0,0,1,0,0,1,0,0,0,1,0,0,0,3,5.707110264748875,1980,14,15.687312888712007
Crash,1996,6.5,1309.0,"Thriller, Drama",100 min,"$9,000,000",100.0,9000000.0,0,1,0,0,1,0,0,0,0,0,0,0,2,7.177782416195197,1990,5,16.012735246411598
The Bodyguard,1992,6.7,3186.0,"Action, Drama, Romance",129 min,"$25,000,000",129.0,25000000.0,1,1,0,0,0,0,0,0,0,1,0,0,3,8.066835314417336,1990,13,17.034386422832473
The Hustle,2019,6.2,2664.0,"Comedy, Crime",94 min,"$21,000,000",94.0,21000000.0,0,0,0,1,0,0,0,0,1,0,0,0,2,7.887959336599945,2010,10,16.860033043306743
Mad Max,1979,6.7,4867.0,"Adventure, Action, Thriller, Science Fiction",91 min,"$350,000",91.0,350000.0,1,0,1,0,1,1,0,0,0,0,0,0,4,8.490438454107418,1970,7,12.765691290604371
Perfume: The Story of a Murderer,2006,7.4,4919.0,"Crime, Fantasy, Drama",147 min,"$63,700,000",147.0,63700000.0,0,1,0,0,0,0,1,0,1,0,0,0,3,8.501063809486354,2000,32,17.96969513624098
Wind River,2017,7.4,5675.0,"Crime, Mystery, Drama, Thriller",107 min,"$11,000,000",107.0,11000000.0,0,1,0,0,1,0,0,0,1,0,0,0,4,8.644002038279933,2010,10,16.213405921671733
Outbreak,1995,6.6,2441.0,"Action, Drama, Science Fiction, Thriller",129 min,"$50,000,000",129.0,50000000.0,1,1,0,0,1,1,0,0,0,0,0,0,4,7.80057265467065,1990,8,17.72753358339242
The Change-Up,2011,6.2,2926.0,Comedy,112 min,"$52,000,000",112.0,52000000.0,0,0,0,1,0,0,0,0,0,0,0,0,1,7.9817332866918855,2010,13,17.76675429577647
R.I.P.D.,2013,5.9,4236.0,"Fantasy, Action, Comedy",96 min,"$130,000,000",96.0,130000000.0,1,0,0,1,0,0,1,0,0,0,0,0,3,8.351610750626559,2010,8,18.683045016112164
RoboCop,1987,7.4,5613.0,"Action, Thriller, Science Fiction",102 min,"$13,000,000",102.0,13000000.0,1,0,0,0,1,1,0,0,0,0,0,0,3,8.633018756921828,1980,7,16.380459992348886
Om Shanti Om,2007,7.1,390.0,"Comedy, Thriller, Drama",169 min,"$9,100,000",169.0,9100000.0,0,1,0,1,1,0,0,0,0,0,0,0,3,5.968707559985366,2000,12,16.02378508137718
The Rescuers,1977,6.8,2656.0,"Fantasy, Family, Animation, Adventure",78 min,"$7,500,000",78.0,7500000.0,0,0,1,0,0,0,1,1,0,0,0,1,4,7.884952945759814,1970,12,15.830413711839864
Transformers: The Last Knight,2017,6.0,6626.0,"Action, Adventure, Science Fiction",154 min,"$217,000,000",154.0,217000000.0,1,0,1,0,0,1,0,0,0,0,0,0,3,8.798907492088226,2010,29,19.19540791611303
Pitch Perfect,2012,7.3,6809.0,"Comedy, Music, Romance",112 min,"$17,000,000",112.0,17000000.0,0,0,0,1,0,0,0,0,0,1,0,0,3,8.826147399143558,2010,13,16.648723960844016
Bad Genius,2017,7.9,840.0,"Drama, Crime, Thriller, Comedy",130 min,"$1,839,169",130.0,1839169.0,0,1,0,1,1,0,0,0,1,0,0,0,4,6.734591659972948,2010,10,14.42482494085832
The Tuxedo,2002,5.7,2126.0,"Thriller, Action, Comedy, Science Fiction",98 min,"$60,000,000",98.0,60000000.0,1,0,0,1,1,1,0,0,0,0,0,0,4,7.6624678152002375,2000,10,17.909855136853043
Pinocchio,1940,7.1,6194.0,"Animation, Family, Fantasy",88 min,"$2,600,000",88.0,2600000.0,0,0,0,0,0,0,1,1,0,0,0,1,3,8.731497794063243,1940,9,14.77102238760702
Torrente 2: Mission in Marbella,2001,6.0,192.0,"Action, Comedy, Crime",99 min,"$4,000,000",99.0,4000000.0,1,0,0,1,0,0,0,0,1,0,0,0,3,5.262690188904886,2000,31,15.201805169084134
Padmaavat,2018,6.9,301.0,"Drama, History, Romance",163 min,"$31,000,000",163.0,31000000.0,0,1,0,0,0,0,0,0,0,1,0,0,3,5.71042701737487,2010,9,17.249497794707484
The Panic in Needle Park,1971,6.8,365.0,"Drama, Romance, Crime",110 min,"$1,645,000",110.0,1645000.0,0,1,0,0,0,0,0,0,1,1,0,0,3,5.902633333401366,1970,24,14.31325155008416
The Hunger Games,2012,7.2,23071.0,"Science Fiction, Adventure, Action, Thriller",142 min,"$75,000,000",142.0,75000000.0,1,0,1,0,1,1,0,0,0,0,0,0,4,10.046375040084676,2010,16,18.132998684833918
All of Us Strangers,2023,7.4,980.0,"Romance, Drama, Fantasy",105 min,"$5,000,000",105.0,5000000.0,0,1,0,0,0,0,1,0,0,1,0,0,3,6.8885724595653635,2020,19,15.424948670398354
50 First Dates,2004,6.9,7617.0,"Comedy, Romance",99 min,"$75,000,000",99.0,75000000.0,0,0,0,1,0,0,0,0,0,1,0,0,2,8.938269147038548,2000,14,18.132998684833918
Year One,2009,5.0,1995.0,"Comedy, Adventure",97 min,"$60,000,000",97.0,60000000.0,0,0,1,1,0,0,0,0,0,0,0,0,2,7.59890045687141,2000,8,17.909855136853043
The Graduate,1967,7.6,3623.0,"Drama, Romance, Comedy",106 min,"$3,000,000",106.0,3000000.0,0,1,0,1,0,0,0,0,0,1,0,0,3,8.19533366716287,1960,12,14.914123179965662
The Specialist,1994,5.9,1412.0,"Action, Thriller",110 min,"$45,000,000",110.0,45000000.0,1,0,0,0,1,0,0,0,0,0,0,0,2,7.253470382684528,1990,14,17.622173069956816
Con Air,1997,6.8,4595.0,"Action, Thriller, Crime",116 min,"$75,000,000",116.0,75000000.0,1,0,0,0,1,0,0,0,1,0,0,0,3,8.432941638968646,1990,7,18.132998684833918
Captain Underpants: The First Epic Movie,2017,6.3,1334.0,"Family, Comedy, Animation, Science Fiction, Action",89 min,"$38,000,000",89.0,38000000.0,1,0,0,1,0,1,0,1,0,0,0,1,5,7.19668657083435,2010,40,17.453096744006448
City of God,2002,8.4,8050.0,"Drama, Crime",129 min,"$3,300,000",129.0,3300000.0,0,1,0,0,0,0,0,0,1,0,0,0,2,8.993551586299981,2000,11,15.009433329466965
Logan,2017,7.8,20199.0,"Action, Drama, Science Fiction",137 min,"$97,000,000",137.0,97000000.0,1,1,0,0,0,1,0,0,0,0,0,0,3,9.913437883389296,2010,5,18.390221546776935
Alien: Covenant,2017,6.2,9283.0,"Horror, Science Fiction",122 min,"$97,000,000",122.0,97000000.0,0,0,0,0,0,1,0,0,0,0,1,0,2,9.136047767394327,2010,15,18.390221546776935
Waterworld,1995,6.2,3990.0,"Adventure, Action, Science Fiction",135 min,"$175,000,000",135.0,175000000.0,1,0,1,0,0,1,0,0,0,0,0,0,3,8.291797105048733,1990,10,18.980296537602072
Contact,1997,7.4,4882.0,"Drama, Science Fiction, Mystery",150 min,"$90,000,000",150.0,90000000.0,0,1,0,0,0,1,0,0,0,0,0,0,3,8.49351506406166,1990,7,18.31532023940565
Everything Must Go,2011,6.2,656.0,"Comedy, Drama, Romance",97 min,"$5,000,000",97.0,5000000.0,0,1,0,1,0,0,0,0,0,1,0,0,3,6.48768401848461,2010,18,15.424948670398354
The Grand Budapest Hotel,2014,8.0,15852.0,"Comedy, Drama",100 min,"$30,000,000",100.0,30000000.0,0,1,0,1,0,0,0,0,0,0,0,0,2,9.671114035843228,2010,24,17.216707972959764
Chicken Little,2005,5.9,4109.0,"Animation, Family, Comedy",81 min,"$150,000,000",81.0,150000000.0,0,0,0,1,0,0,0,1,0,0,0,1,3,8.32117830749028,2000,14,18.826145858727198
#Alive,2020,7.2,2012.0,"Action, Horror, Science Fiction",98 min,"$6,300,000",98.0,6300000.0,1,0,0,0,0,1,0,0,0,0,1,0,3,7.607381425639791,2020,6,15.656060350091908
The Jungle Book,2016,6.9,8417.0,"Family, Adventure, Fantasy",106 min,"$175,000,000",106.0,175000000.0,0,0,1,0,0,0,1,1,0,0,0,0,3,9.038127549330516,2010,15,18.980296537602072
The Pursuit of Happyness,2006,7.9,10452.0,Drama,117 min,"$55,000,000",117.0,55000000.0,0,1,0,0,0,0,0,0,0,0,0,0,1,9.254644297532707,2000,24,17.822843761378564
The Truth About Emanuel,2013,6.0,289.0,"Drama, Thriller",96 min,"$1,300,000",96.0,1300000.0,0,1,0,0,1,0,0,0,0,0,0,0,2,5.66988092298052,2010,23,14.077875591662238
Home,2015,6.8,4177.0,"Fantasy, Comedy, Animation, Science Fiction, Family",94 min,"$135,000,000",94.0,135000000.0,0,0,0,1,0,1,1,1,0,0,0,1,5,8.33758794211651,2010,4,18.72078534381011
The Northman,2022,7.0,4930.0,"Action, Adventure, Fantasy",137 min,"$70,000,000",137.0,70000000.0,1,0,1,0,0,0,1,0,0,0,0,0,3,8.503297086224126,2020,12,18.064005814299346
Batman,1989,7.2,8451.0,"Fantasy, Action, Crime",126 min,"$35,000,000",126.0,35000000.0,1,0,0,0,0,0,1,0,1,0,0,0,3,9.042158378735948,1980,6,17.370858648025116
Joker: Folie à Deux,2024,5.4,2819.0,"Drama, Crime, Thriller",138 min,"$190,000,000",138.0,190000000.0,0,1,0,0,1,0,0,0,1,0,0,0,3,7.944492163932159,2020,19,19.06253463538792
First They Killed My Father,2017,7.4,704.0,"War, Drama, History",136 min,"$24,000,000",136.0,24000000.0,0,1,0,0,0,0,0,0,0,0,0,0,3,6.558197802812269,2010,27,16.993564429978885
Rise of the Planet of the Apes,2011,7.3,12604.0,"Thriller, Action, Drama, Science Fiction",105 min,"$93,000,000",105.0,93000000.0,1,1,0,0,1,1,0,0,0,0,0,0,4,9.44184883962202,2010,30,18.34811006187022
The Incredible Hulk,2008,6.2,12535.0,"Science Fiction, Action, Adventure",114 min,"$150,000,000",114.0,150000000.0,1,0,1,0,0,1,0,0,0,0,0,0,3,9.436359784035856,2000,19,18.826145858727198
The Five People You Meet In Heaven,2004,7.0,103.0,"Drama, Fantasy, Science Fiction, TV Movie",132 min,"$20,000,000",132.0,20000000.0,0,1,0,0,0,1,1,0,0,0,0,0,4,4.6443908991413725,2000,34,16.811242881518265
Cinderella,1950,7.0,7073.0,"Family, Fantasy, Animation, Romance",74 min,"$2,900,000",74.0,2900000.0,0,0,0,0,0,0,1,1,0,1,0,1,4,8.864181369765426,1950,10,14.88022163978423
Sonic the Hedgehog,2020,7.3,10286.0,"Action, Science Fiction, Comedy, Family",99 min,"$85,000,000",99.0,85000000.0,1,0,0,1,0,1,0,1,0,0,0,0,4,9.23863624113103,2020,18,18.258161826219297
Back to the Future Part III,1990,7.5,11349.0,"Adventure, Comedy, Science Fiction",119 min,"$40,000,000",119.0,40000000.0,0,0,1,1,0,1,0,0,0,0,0,0,3,9.336973022909548,1990,27,17.50439003707821
Gremlins,1984,7.1,6887.0,"Fantasy, Horror, Comedy",106 min,"$11,000,000",106.0,11000000.0,0,0,0,1,0,0,1,0,0,0,1,0,3,8.837536046107568,1980,8,16.213405921671733
Tropic Thunder,2008,6.7,6815.0,"Action, Comedy, Adventure, War",107 min,"$92,000,000",107.0,92000000.0,1,0,1,1,0,0,0,0,0,0,0,0,4,8.827028068509152,2000,14,18.33729914588288
Ford v Ferrari,2019,8.0,8814.0,"Drama, Action, History",153 min,"$97,600,000",153.0,97600000.0,1,1,0,0,0,0,0,0,0,0,0,0,3,9.08421009483197,2010,14,18.39638806162922
Real Steel,2011,7.1,8959.0,"Action, Science Fiction, Drama",127 min,"$110,000,000",127.0,110000000.0,1,1,0,0,0,1,0,0,0,0,0,0,3,9.100525505968976,2010,10,18.5159909328476
Wonka,2023,7.0,4290.0,"Comedy, Family, Fantasy",117 min,"$125,000,000",117.0,125000000.0,0,0,0,1,0,0,1,1,0,0,0,0,3,8.364275084991524,2020,5,18.643824303266577
Subservience,2024,6.6,950.0,"Science Fiction, Horror, Thriller",105 min,"$4,400,000",105.0,4400000.0,0,0,0,0,1,1,0,0,0,0,1,0,3,6.85751406254539,2020,12,15.29711532616119
John Wick: Chapter 3 - Parabellum,2019,7.4,11541.0,"Action, Thriller, Crime",131 min,"$55,000,000",131.0,55000000.0,1,0,0,0,1,0,0,0,1,0,0,0,3,9.353747835270912,2010,33,17.822843761378564
Percy Jackson & the Olympians: The Lightning Thief,2010,6.2,7755.0,"Adventure, Fantasy, Family",118 min,"$95,000,000",118.0,95000000.0,0,0,1,0,0,0,1,1,0,0,0,0,3,8.956222016362542,2010,50,18.36938746009113
Shrek the Third,2007,6.3,9666.0,"Fantasy, Adventure, Animation, Comedy, Family",93 min,"$160,000,000",93.0,160000000.0,0,0,1,1,0,0,1,1,0,0,0,1,5,9.176473302464606,2000,15,18.8906843794481
Trap,2024,6.2,2714.0,"Crime, Horror, Thriller",105 min,"$30,000,000",105.0,30000000.0,0,0,0,0,1,0,0,0,1,0,1,0,3,7.906547232368036,2020,4,17.216707972959764
Sleepy Hollow,1999,7.2,7271.0,"Fantasy, Thriller, Mystery, Horror",105 min,"$100,000,000",105.0,100000000.0,0,0,0,0,1,0,1,0,0,0,1,0,4,8.891786635857315,1990,13,18.420680753952364
The Abyss,1989,7.3,3356.0,"Adventure, Thriller, Science Fiction",140 min,"$43,000,000",140.0,43000000.0,0,0,1,0,1,1,0,0,0,0,0,0,3,8.118802996980035,1980,9,17.57671069691365
Sweet Movie,1974,5.2,137.0,Comedy,98 min,"$520,000",98.0,520000.0,0,0,0,1,0,0,0,0,0,0,0,0,1,4.927253685157205,1970,11,13.161586013632684
Porco Rosso,1992,7.8,3649.0,"Family, Comedy, Animation, Adventure, Fantasy",93 min,"$9,200,000",93.0,9200000.0,0,0,1,1,0,0,1,1,0,0,0,1,5,8.202482446576537,1990,11,16.034714150714915
Hereditary,2018,7.3,8400.0,"Horror, Mystery, Thriller",128 min,"$10,000,000",128.0,10000000.0,0,0,0,0,1,0,0,0,0,0,1,0,3,9.036106025364846,2010,10,16.118095750958314
Aquaman and the Lost Kingdom,2023,6.5,3395.0,"Action, Adventure, Fantasy",124 min,"$205,000,000",124.0,205000000.0,1,0,1,0,0,0,1,0,0,0,0,0,3,8.130353547431238,2020,28,19.138520541980732
Twelve Monkeys,1995,7.6,8977.0,"Science Fiction, Thriller, Mystery",129 min,"$29,000,000",129.0,29000000.0,0,0,0,0,1,1,0,0,0,0,0,0,3,9.102532419341877,1990,14,17.182806422433504
Batman Returns,1992,6.9,6989.0,"Action, Fantasy",126 min,"$80,000,000",126.0,80000000.0,1,0,0,0,0,0,1,0,0,0,0,0,2,8.852235835227855,1990,14,18.197537205138154
Sahara,2005,5.9,1606.0,"Action, Adventure, Comedy, Drama, Mystery",124 min,"$130,000,000",124.0,130000000.0,1,1,1,1,0,0,0,0,0,0,0,0,5,7.382124365737512,2000,6,18.683045016112164
12 Years a Slave,2013,7.9,11865.0,"Drama, History",134 min,"$20,000,000",134.0,20000000.0,0,1,0,0,0,0,0,0,0,0,0,0,2,9.381432446818588,2010,16,16.811242881518265
John Wick,2014,7.5,20554.0,"Action, Thriller",101 min,"$20,000,000",101.0,20000000.0,1,0,0,0,1,0,0,0,0,0,0,0,2,9.930859499331978,2010,9,16.811242881518265
Grown Ups 2,2013,6.1,4601.0,Comedy,101 min,"$80,000,000",101.0,80000000.0,0,0,0,1,0,0,0,0,0,0,0,0,1,8.434246270595311,2010,11,18.197537205138154
Meg 2: The Trench,2023,6.4,3890.0,"Action, Science Fiction, Horror",116 min,"$129,000,000",116.0,129000000.0,1,0,0,0,0,1,0,0,0,0,1,0,3,8.266421472984554,2020,17,18.675322970077882
American History X,1998,8.3,12388.0,Drama,119 min,"$20,000,000",119.0,20000000.0,0,1,0,0,0,0,0,0,0,0,0,0,1,9.424564261115739,1990,18,16.811242881518265
Anyone But You,2023,6.8,2964.0,"Romance, Comedy",103 min,"$25,000,000",103.0,25000000.0,0,0,0,1,0,0,0,0,0,1,0,0,2,7.994632311431825,2020,14,17.034386422832473
Crank,2006,6.7,4132.0,"Action, Thriller, Crime",88 min,"$12,000,000",88.0,12000000.0,1,0,0,0,1,0,0,0,1,0,0,0,3,8.326758814511733,2000,5,16.300417291085605
What the Day Owes the Night,2012,7.7,235.0,"Drama, Romance",162 min,$17,162.0,17.0,0,1,0,0,0,0,0,0,0,1,0,0,2,5.4638318050256105,2010,27,2.8903717578961645
The Witch: Part 1. The Subversion,2018,7.9,710.0,"Action, Mystery, Science Fiction",126 min,"$5,500,000",126.0,5500000.0,1,0,0,0,0,1,0,0,0,0,0,0,3,6.566672429803241,2010,33,15.520258832020865
Event Horizon,1997,6.6,3192.0,"Horror, Science Fiction, Mystery",96 min,"$60,000,000",96.0,60000000.0,0,0,0,0,0,1,0,0,0,0,1,0,3,8.068716192714781,1990,13,17.909855136853043
Havoc,2025,6.4,1168.0,"Action, Crime, Thriller, Drama",107 min,"$90,000,000",107.0,90000000.0,1,1,0,0,1,0,0,0,1,0,0,0,4,7.063903961472068,2020,5,18.31532023940565
Novocaine,2025,6.8,1488.0,"Action, Comedy, Thriller",110 min,"$18,000,000",110.0,18000000.0,1,0,0,1,1,0,0,0,0,0,0,0,3,7.305860032684009,2020,9,16.705882371415992
Father There Is Only One 2,2020,7.5,570.0,"Comedy, Family",96 min,"$4,000,000",96.0,4000000.0,0,0,0,1,0,0,0,1,0,0,0,0,2,6.3473892096560105,2020,26,15.201805169084134
Snatch,2000,7.8,9808.0,"Crime, Comedy",103 min,"$100,000,000",103.0,100000000.0,0,0,0,1,0,0,0,0,1,0,0,0,2,9.191055610564316,2000,6,18.420680753952364
Jurassic World: Fallen Kingdom,2018,6.5,12611.0,"Action, Adventure, Science Fiction, Thriller",129 min,"$170,000,000",129.0,170000000.0,1,0,1,0,1,1,0,0,0,0,0,0,4,9.442404020664952,2010,30,18.951309000896888
The Man from Nowhere,2010,7.7,1453.0,"Action, Thriller, Crime",119 min,"$1,255,000",119.0,1255000.0,1,0,0,0,1,0,0,0,1,0,0,0,3,7.282073658093465,2010,20,14.042646927360453
Deep Water,2022,5.8,1596.0,"Drama, Mystery, Thriller",116 min,"$49,000,000",116.0,49000000.0,0,1,0,0,1,0,0,0,0,0,0,0,3,7.3758821482150125,2020,10,17.707330876483063
Star Wars: The Last Jedi,2017,6.8,16146.0,"Adventure, Action, Science Fiction",152 min,"$300,000,000",152.0,300000000.0,1,0,1,0,0,1,0,0,0,0,0,0,3,9.689489552881621,2010,24,19.519293035953808
Police Academy 2: Their First Assignment,1985,6.1,1693.0,"Comedy, Crime",87 min,"$7,600,000",87.0,7600000.0,0,0,0,1,0,0,0,0,1,0,0,0,2,7.434847875211999,1980,40,15.843658936835498
Hook,1991,6.8,5648.0,"Adventure, Fantasy, Comedy, Family",142 min,"$70,000,000",142.0,70000000.0,0,0,1,1,0,0,1,1,0,0,0,0,4,8.639233817325263,1990,4,18.064005814299346
Stand by Me,1986,7.8,6387.0,"Crime, Drama",89 min,"$8,000,000",89.0,8000000.0,0,1,0,0,0,0,0,0,1,0,0,0,2,8.762176509334903,1980,11,15.894952224644102
Bon Cop Bad Cop 2,2017,6.4,133.0,"Action, Crime, Comedy",126 min,"$10,000,000",126.0,10000000.0,1,0,0,1,0,0,0,0,1,0,0,0,3,4.897839799950911,2010,17,16.118095750958314
First Blood,1982,7.5,6782.0,"Action, Adventure, Thriller, War",93 min,"$15,000,000",93.0,15000000.0,1,0,1,0,1,0,0,0,0,0,0,0,4,8.82217476094608,1980,11,16.52356082573315
Absolution,2024,5.9,498.0,"Action, Crime, Thriller, Mystery",112 min,"$30,000,000",112.0,30000000.0,1,0,0,0,1,0,0,0,1,0,0,0,4,6.212606095751519,2020,10,17.216707972959764
Another Egg and Chicken Movie,2009,7.7,192.0,"Animation, Comedy, Adventure, Family",100 min,"$1,900,000",100.0,1900000.0,0,0,1,1,0,0,0,1,0,0,0,1,4,5.262690188904886,2000,29,14.45736497045232
Ace Ventura: Pet Detective,1994,6.6,6269.0,"Comedy, Mystery, Crime",86 min,"$15,000,000",86.0,15000000.0,0,0,0,1,0,0,0,0,1,0,0,0,3,8.743531633626967,1990,26,16.52356082573315
The Ring,2002,6.7,6572.0,"Horror, Mystery",115 min,"$48,000,000",115.0,48000000.0,0,0,0,0,0,0,0,0,0,0,1,0,2,8.790725628263576,2000,8,17.6867115897055
Chronicle,2012,6.8,5630.0,"Science Fiction, Drama, Thriller",84 min,"$15,000,000",84.0,15000000.0,0,1,0,0,1,1,0,0,0,0,0,0,3,8.636042325254618,2010,9,16.52356082573315
The Little Mermaid,1989,7.4,8334.0,"Animation, Family, Fantasy",83 min,"$40,000,000",83.0,40000000.0,0,0,0,0,0,0,1,1,0,0,0,1,3,9.028218795184895,1980,18,17.50439003707821
Together,2025,7.0,975.0,"Horror, Romance",102 min,"$17,000,000",102.0,17000000.0,0,0,0,0,0,0,0,0,0,1,1,0,2,6.883462586413092,2020,8,16.648723960844016
Glass Onion: A Knives Out Mystery,2022,7.0,6625.0,"Comedy, Crime, Mystery",140 min,"$40,000,000",140.0,40000000.0,0,0,0,1,0,0,0,0,1,0,0,0,3,8.798756582859841,2020,33,17.50439003707821
Alex Cross,2012,5.1,760.0,"Action, Thriller, Crime, Mystery",101 min,"$45,000,000",101.0,45000000.0,1,0,0,0,1,0,0,0,1,0,0,0,4,6.634633357861686,2010,10,17.622173069956816
Zombieland,2009,7.3,13012.0,"Comedy, Horror",87 min,"$23,600,000",87.0,23600000.0,0,0,0,1,0,0,0,0,0,0,1,0,2,9.473704136776757,2000,10,16.97675731236872
Taken 3,2014,6.3,6072.0,"Thriller, Action",109 min,"$48,000,000",109.0,48000000.0,1,0,0,0,1,0,0,0,0,0,0,0,2,8.711607995897575,2010,7,17.6867115897055
Perfect Days,2023,7.8,1809.0,Drama,124 min,"$14,000,000",124.0,14000000.0,0,1,0,0,0,0,0,0,0,0,0,0,1,7.501082124259871,2020,12,16.454567959008102
Dolittle,2020,6.6,3836.0,"Family, Comedy, Fantasy, Adventure",101 min,"$175,000,000",101.0,175000000.0,0,0,1,1,0,0,1,1,0,0,0,0,4,8.252446090246952,2020,8,18.980296537602072
Creation of the Gods I: Kingdom of Storms,2023,7.1,469.0,"Action, Fantasy, War",148 min,"$85,000,000",148.0,85000000.0,1,0,0,0,0,0,1,0,0,0,0,0,3,6.152732694704104,2020,41,18.258161826219297
Enter the Ninja,1981,5.4,130.0,"Action, Crime, Drama, Thriller",100 min,"$1,500,000",100.0,1500000.0,1,1,0,0,1,0,0,0,1,0,0,0,4,4.875197323201151,1980,15,14.220976332738882
The Boy in the Striped Pyjamas,2008,7.8,7568.0,"Drama, War, History",94 min,"$12,500,000",94.0,12500000.0,0,1,0,0,0,0,0,0,0,0,0,0,3,8.931816237309167,2000,30,16.341239282272525
Fargo,1996,7.8,8939.0,"Crime, Drama, Thriller",98 min,"$7,000,000",98.0,7000000.0,0,1,0,0,1,0,0,0,1,0,0,0,3,9.09829086816756,1990,5,15.76142084987672
The Croods,2013,6.9,7451.0,"Animation, Adventure, Family, Comedy",99 min,"$135,000,000",99.0,135000000.0,0,0,1,1,0,0,0,1,0,0,0,1,4,8.916237731721479,2010,10,18.72078534381011
Police Academy,1984,6.7,2930.0,"Comedy, Crime",97 min,"$4,500,000",97.0,4500000.0,0,0,0,1,0,0,0,0,1,0,0,0,2,7.983098940710892,1980,14,15.319588176962746
The Amateur,2025,7.0,1519.0,"Thriller, Action",123 min,"$60,000,000",123.0,60000000.0,1,0,0,0,1,0,0,0,0,0,0,0,2,7.326465613840322,2020,11,17.909855136853043
Failure to Launch,2006,5.8,1749.0,"Romance, Comedy",97 min,"$50,000,000",97.0,50000000.0,0,0,0,1,0,0,0,0,0,1,0,0,2,7.4673710669175595,2000,17,17.72753358339242
Ocean's Eight,2018,7.0,8703.0,"Crime, Comedy, Action",111 min,"$70,000,000",111.0,70000000.0,1,0,0,1,0,0,0,0,1,0,0,0,3,9.071537969095724,2010,13,18.064005814299346
The Diary of Anne Frank,1959,7.2,368.0,"Drama, History",179 min,"$3,000,000",179.0,3000000.0,0,1,0,0,0,0,0,0,0,0,0,0,2,5.910796644040527,1950,23,14.914123179965662
How to Make Millions Before Grandma Dies,2024,8.1,376.0,Drama,126 min,"$1,000,000",126.0,1000000.0,0,1,0,0,0,0,0,0,0,0,0,0,1,5.932245187448011,2020,40,13.815511557963774
Snow White and the Seven Dwarfs,1938,7.1,7910.0,"Fantasy, Animation, Family",83 min,"$1,488,423",83.0,1488423.0,0,0,0,0,0,0,1,1,0,0,0,1,3,8.976009475021396,1930,31,14.213228400022265
How the Grinch Stole Christmas,2000,6.8,8187.0,"Family, Comedy, Fantasy",105 min,"$123,000,000",105.0,123000000.0,0,0,0,1,0,0,1,1,0,0,0,0,3,9.01042494678118,2000,30,18.627694921466773
The Smashing Machine,2025,6.5,490.0,"Drama, History",123 min,"$50,000,000",123.0,50000000.0,0,1,0,0,0,0,0,0,0,0,0,0,2,6.19644412779452,2020,20,17.72753358339242
Jumper,2008,6.2,6137.0,"Action, Adventure, Science Fiction",88 min,"$85,000,000",88.0,85000000.0,1,0,1,0,0,1,0,0,0,0,0,0,3,8.722254235179681,2000,6,18.258161826219297
A Quiet Place: Day One,2024,6.7,3223.0,"Horror, Science Fiction, Thriller",100 min,"$67,000,000",100.0,67000000.0,0,0,0,0,1,1,0,0,0,0,1,0,3,8.07837810362652,2020,22,18.020203192280615
Ice Age: Dawn of the Dinosaurs,2009,6.8,8772.0,"Animation, Comedy, Family, Adventure",94 min,"$90,000,000",94.0,90000000.0,0,0,1,1,0,0,0,1,0,0,0,1,4,9.079434102128383,2000,30,18.31532023940565
In Time,2011,7.0,12010.0,"Action, Thriller, Science Fiction",109 min,"$40,000,000",109.0,40000000.0,1,0,0,0,1,1,0,0,0,0,0,0,3,9.39357817555449,2010,7,17.50439003707821
The Iron Giant,1999,8.0,6062.0,"Animation, Science Fiction, Family, Drama",86 min,"$50,000,000",86.0,50000000.0,0,1,0,0,0,1,0,1,0,0,0,1,4,8.70996000607173,1990,14,17.72753358339242
A Walk to Remember,2002,7.8,4216.0,"Drama, Romance",102 min,"$11,800,000",102.0,11800000.0,0,1,0,0,0,0,0,0,0,1,0,0,2,8.34687925374656,2000,18,16.283610174181653
Alita: Battle Angel,2019,7.2,9846.0,"Action, Science Fiction, Adventure",122 min,"$170,000,000",122.0,170000000.0,1,0,1,0,0,1,0,0,0,0,0,0,3,9.194922119247803,2010,19,18.951309000896888
HIM,2025,5.7,329.0,"Horror, Mystery",96 min,"$27,000,000",96.0,27000000.0,0,0,0,0,0,0,0,0,0,0,1,0,2,5.799092654460526,2020,3,17.11134746100564
Southpaw,2015,7.4,5742.0,"Action, Drama",123 min,"$30,000,000",123.0,30000000.0,1,1,0,0,0,0,0,0,0,0,0,0,2,8.655737000864297,2010,8,17.216707972959764
X,2022,6.7,3861.0,"Horror, Thriller",106 min,"$1,000,000",106.0,1000000.0,0,0,0,0,1,0,0,0,0,0,1,0,2,8.258940462988459,2020,1,13.815511557963774
Bring Her Back,2025,7.4,1494.0,Horror,104 min,"$15,000,000",104.0,15000000.0,0,0,0,0,0,0,0,0,0,0,1,0,1,7.3098814858247865,2020,14,16.52356082573315
Ghost Rider: Spirit of Vengeance,2011,5.0,4006.0,"Action, Fantasy, Thriller",95 min,"$57,000,000",95.0,57000000.0,1,0,0,0,1,0,1,0,0,0,0,0,3,8.295798110636145,2010,32,17.858561843342684
The Death and Life of Bobby Z,2007,6.2,397.0,"Drama, Action, Thriller, Crime",97 min,"$22,000,000",97.0,22000000.0,1,1,0,0,1,0,0,0,1,0,0,0,4,5.986452005284438,2000,29,16.906553056777135
The Hunt,2020,6.6,3550.0,"Action, Thriller, Horror",90 min,"$14,000,000",90.0,14000000.0,1,0,0,0,1,0,0,0,0,0,1,0,3,8.174984532943087,2020,8,16.454567959008102
Song Sung Blue,2025,7.4,189.0,"Music, Romance, Drama",133 min,"$30,000,000",133.0,30000000.0,0,1,0,0,0,0,0,0,0,1,0,0,3,5.247024072160486,2020,14,17.216707972959764
Colombiana,2011,6.6,2813.0,"Action, Thriller, Crime, Drama",108 min,"$40,000,000",108.0,40000000.0,1,1,0,0,1,0,0,0,1,0,0,0,4,7.942362237674335,2010,10,17.50439003707821
The Little Mermaid,2023,6.3,3261.0,"Adventure, Family, Fantasy, Romance",135 min,"$297,000,000",135.0,297000000.0,0,0,1,0,0,0,1,1,0,1,0,0,4,8.09009578318096,2020,18,19.509242700133978
Guy Ritchie's The Covenant,2023,7.7,3075.0,"War, Action, Thriller",123 min,"$55,000,000",123.0,55000000.0,1,0,0,0,1,0,0,0,0,0,0,0,3,8.031385330625534,2020,26,17.822843761378564
Snowpiercer,2013,6.9,10284.0,"Action, Science Fiction, Drama",127 min,"$39,200,000",127.0,39200000.0,1,1,0,0,0,1,0,0,0,0,0,0,3,9.238441802087058,2010,11,17.484187330270895
The Strangers: Chapter 2,2025,6.1,250.0,"Horror, Thriller",98 min,"$8,000,000",98.0,8000000.0,0,0,0,0,1,0,0,0,0,0,1,0,2,5.5254529391317835,2020,24,15.894952224644102
Closer,2004,6.8,3691.0,"Drama, Romance",104 min,"$27,000,000",104.0,27000000.0,0,1,0,0,0,0,0,0,0,1,0,0,2,8.213923595622743,2000,6,17.11134746100564
Indecent Proposal,1993,6.4,1583.0,"Romance, Drama",117 min,"$38,000,000",117.0,38000000.0,0,1,0,0,0,0,0,0,0,1,0,0,2,7.367708572374371,1990,17,17.453096744006448
Kong: Skull Island,2017,6.6,11008.0,"Action, Adventure, Fantasy",118 min,"$185,000,000",118.0,185000000.0,1,0,1,0,0,0,1,0,0,0,0,0,3,9.306468399070404,2010,18,19.035866388448003
Twilight of the Warriors: Walled In,2024,7.0,423.0,"Action, Crime, Thriller",126 min,"$38,400,000",126.0,38400000.0,1,0,0,0,1,0,0,0,1,0,0,0,3,6.049733455231958,2020,35,17.463568043599622
Caught Stealing,2025,6.9,798.0,"Crime, Thriller, Comedy",107 min,"$40,000,000",107.0,40000000.0,0,0,0,1,1,0,0,0,1,0,0,0,3,6.683360945766275,2020,15,17.50439003707821
The Princess Bride,1987,7.7,4998.0,"Adventure, Family, Fantasy, Comedy, Romance",99 min,"$16,000,000",99.0,16000000.0,0,0,1,1,0,0,1,1,0,1,0,0,5,8.51699317141357,1980,18,16.588099342704055
Dawn of the Planet of the Apes,2014,7.3,12094.0,"Science Fiction, Action, Drama, Thriller",130 min,"$170,000,000",130.0,170000000.0,1,1,0,0,1,1,0,0,0,0,0,0,4,9.400547423044127,2010,30,18.951309000896888
All About the Benjamins,2002,5.9,185.0,"Action, Adventure, Comedy, Crime, Thriller",95 min,"$14,000,000",95.0,14000000.0,1,0,1,1,1,0,0,0,1,0,0,0,5,5.225746673713202,2000,23,16.454567959008102
Mulholland Drive,2001,7.8,6904.0,"Thriller, Drama, Mystery",147 min,"$15,000,000",147.0,15000000.0,0,1,0,0,1,0,0,0,0,0,0,0,3,8.840001065843392,2000,16,16.52356082573315
American Beauty,1999,8.0,12866.0,Drama,122 min,"$15,000,000",122.0,15000000.0,0,1,0,0,0,0,0,0,0,0,0,0,1,9.46242117318499,1990,15,16.52356082573315
The Parent Trap,1998,7.2,4464.0,"Comedy, Family, Romance",128 min,"$15,000,000",128.0,15000000.0,0,0,0,1,0,0,0,1,0,1,0,0,3,8.4040244933106,1990,15,16.52356082573315
A Cinderella Story,2004,6.6,3349.0,"Comedy, Family, Romance",95 min,"$19,000,000",95.0,19000000.0,0,0,0,1,0,0,0,1,0,1,0,0,3,8.116715624819111,2000,18,16.759949589762293
Men in Black II,2002,6.4,10522.0,"Action, Comedy, Science Fiction",88 min,"$140,000,000",88.0,140000000.0,1,0,0,1,0,1,0,0,0,0,0,0,3,9.261318616740812,2000,15,18.757152987716434
Frozen II,2019,7.2,10183.0,"Family, Animation, Adventure, Comedy, Fantasy",103 min,"$150,000,000",103.0,150000000.0,0,0,1,1,0,0,1,1,0,0,0,1,5,9.228573140237243,2010,9,18.826145858727198
Eternals,2021,6.8,8993.0,"Science Fiction, Action, Adventure",156 min,"$200,000,000",156.0,200000000.0,1,0,1,0,0,1,0,0,0,0,0,0,3,9.104312967330653,2020,8,19.11382792951231
In the Lost Lands,2025,6.4,758.0,"Action, Fantasy, Western",102 min,"$55,000,000",102.0,55000000.0,1,0,0,0,0,0,1,0,0,0,0,0,3,6.63200177739563,2020,17,17.822843761378564
The Way of the Dragon,1972,7.4,1248.0,"Action, Crime",100 min,"$130,000",100.0,130000.0,1,0,0,0,0,0,0,0,1,0,0,0,2,7.130098510125578,1970,21,11.775297421715827
Terrifier 3,2024,6.8,1887.0,"Horror, Thriller",125 min,"$2,000,000",125.0,2000000.0,0,0,0,0,1,0,0,0,0,0,1,0,2,7.543273346705446,2020,11,14.508658238524095
Oblivion,2013,6.7,11337.0,"Action, Science Fiction, Adventure, Mystery",124 min,"$120,000,000",124.0,120000000.0,1,0,1,0,0,1,0,0,0,0,0,0,4,9.33591519488425,2010,8,18.603002309079653
Challengers,2024,6.9,2586.0,"Drama, Romance",132 min,"$55,000,000",132.0,55000000.0,0,1,0,0,0,0,0,0,0,1,0,0,2,7.8582541821860294,2020,11,17.822843761378564
V for Vendetta,2006,7.9,15388.0,"Action, Thriller, Science Fiction",132 min,"$54,000,000",132.0,54000000.0,1,0,0,0,1,1,0,0,0,0,0,0,3,9.641408247463852,2000,14,17.804494623047066
Skyfall,2012,7.3,15963.0,"Action, Adventure, Thriller",143 min,"$200,000,000",143.0,200000000.0,1,0,1,0,1,0,0,0,0,0,0,0,3,9.678091466168624,2010,7,19.11382792951231
The Big Lebowski,1998,7.8,11998.0,"Comedy, Crime",117 min,"$15,000,000",117.0,15000000.0,0,0,0,1,0,0,0,0,1,0,0,0,2,9.392578591964389,1990,16,16.52356082573315
Presumed Innocent,1990,6.8,790.0,"Mystery, Crime, Thriller",127 min,"$22,000,000",127.0,22000000.0,0,0,0,0,1,0,0,0,1,0,0,0,3,6.673297967767654,1990,17,16.906553056777135
The Host,2006,7.0,3065.0,"Horror, Drama, Science Fiction",120 min,"$11,000,000",120.0,11000000.0,0,1,0,0,0,1,0,0,0,0,1,0,3,8.028129059431759,2000,8,16.213405921671733
Operation Fortune: Ruse de Guerre,2023,6.5,1871.0,"Action, Comedy, Thriller",113 min,"$50,000,000",113.0,50000000.0,1,0,0,1,1,0,0,0,0,0,0,0,3,7.534762657037537,2020,33,17.72753358339242
Abigail,2024,6.7,1957.0,"Horror, Thriller",109 min,"$28,000,000",109.0,28000000.0,0,0,0,0,1,0,0,0,0,0,1,0,2,7.579678823090456,2020,7,17.147715103853763
The Patriot,2000,7.2,4233.0,"Drama, History, War, Action",165 min,"$110,000,000",165.0,110000000.0,1,1,0,0,0,0,0,0,0,0,0,0,4,8.350902451694811,2000,11,18.5159909328476
Independence Day,1996,6.9,10254.0,"Action, Adventure, Science Fiction",145 min,"$75,000,000",145.0,75000000.0,1,0,1,0,0,1,0,0,0,0,0,0,3,9.235520670506482,1990,16,18.132998684833918
Tron,1982,6.6,2679.0,"Science Fiction, Action, Adventure",96 min,"$17,000,000",96.0,17000000.0,1,0,1,0,0,1,0,0,0,0,0,0,3,7.893572073504902,1980,4,16.648723960844016
The Hunger Games: Catching Fire,2013,7.4,18247.0,"Adventure, Action, Science Fiction",146 min,"$130,000,000",146.0,130000000.0,1,0,1,0,0,1,0,0,0,0,0,0,3,9.811810763964225,2010,31,18.683045016112164
The Watch,2012,5.6,2440.0,"Comedy, Action, Science Fiction",102 min,"$68,000,000",102.0,68000000.0,1,0,0,1,0,1,0,0,0,0,0,0,3,7.80016307039296,2010,9,18.035018277846262
Minority Report,2002,7.3,9449.0,"Science Fiction, Action, Thriller",145 min,"$102,000,000",145.0,102000000.0,1,0,0,0,1,1,0,0,0,0,0,0,3,9.153770020487789,2000,15,18.440483381052466
Spectre,2015,6.6,11110.0,"Action, Adventure, Thriller",148 min,"$245,000,000",148.0,245000000.0,1,0,1,0,1,0,0,0,0,0,0,0,3,9.315690887584008,2010,7,19.316768772590635
Smile,2022,6.7,3948.0,"Horror, Mystery",115 min,"$17,000,000",115.0,17000000.0,0,0,0,0,0,0,0,0,0,0,1,0,2,8.28121766128665,2020,5,16.648723960844016
The Fly,1986,7.4,4868.0,"Horror, Science Fiction",96 min,"$15,000,000",96.0,15000000.0,0,0,0,0,0,1,0,0,0,0,1,0,2,8.4906438561827,1980,7,16.52356082573315
"I, Robot",2004,7.0,12495.0,"Action, Science Fiction",115 min,"$120,000,000",115.0,120000000.0,1,0,0,0,0,1,0,0,0,0,0,0,2,9.433163872079467,2000,8,18.603002309079653
Gattaca,1997,7.6,6811.0,"Thriller, Science Fiction, Mystery, Romance",107 min,"$36,000,000",107.0,36000000.0,0,0,0,0,1,1,0,0,0,1,0,0,4,8.826441041782578,1990,7,17.399029524198163
Camping 2,2010,4.8,648.0,Comedy,99 min,"$28,612,179",99.0,28612179.0,0,0,0,1,0,0,0,0,0,0,0,0,1,6.47543271670409,2010,9,17.169343059257308
The Creator,2023,7.0,3705.0,"Science Fiction, Action, Adventure",134 min,"$80,000,000",134.0,80000000.0,1,0,1,0,0,1,0,0,0,0,0,0,3,8.217708406845306,2020,11,18.197537205138154
Megamind,2010,7.0,7363.0,"Animation, Action, Comedy, Family, Science Fiction",96 min,"$130,000,000",96.0,130000000.0,1,0,0,1,0,1,0,1,0,0,0,1,5,8.904358542352968,2010,8,18.683045016112164
Groundhog Day,1993,7.6,8733.0,"Romance, Fantasy, Comedy",101 min,"$14,600,000",101.0,14600000.0,0,0,0,1,0,0,1,0,0,1,0,0,3,9.074978734045507,1990,13,16.496532155171714
Sneakers,1992,6.9,1029.0,"Comedy, Crime, Drama",125 min,"$23,000,000",125.0,23000000.0,0,1,0,1,0,0,0,0,1,0,0,0,3,6.937314081223682,1990,8,16.951004817371683
Fantastic Four,2005,5.8,9878.0,"Action, Fantasy, Science Fiction",106 min,"$100,000,000",106.0,100000000.0,1,0,0,0,0,1,1,0,0,0,0,0,3,9.198166571044474,2000,14,18.420680753952364
The Catcher Was a Spy,2018,6.2,312.0,"Drama, War, Thriller, History",94 min,"$14,000,000",94.0,14000000.0,0,1,0,0,1,0,0,0,0,0,0,0,4,5.746203190540153,2010,21,16.454567959008102
Notting Hill,1999,7.3,6618.0,"Romance, Comedy",124 min,"$42,000,000",124.0,42000000.0,0,0,0,1,0,0,0,0,0,1,0,0,2,8.797699580118923,1990,12,17.553180200057167
Outside the Law,2010,6.6,199.0,"Action, Drama, History, War",137 min,"$30,000,000",137.0,30000000.0,1,1,0,0,0,0,0,0,0,0,0,0,4,5.298317366548036,2010,15,17.216707972959764
Bridge to Terabithia,2007,7.3,5143.0,"Adventure, Drama, Family",95 min,"$60,000,000",95.0,60000000.0,0,1,1,0,0,0,0,1,0,0,0,0,3,8.545586265917455,2000,20,17.909855136853043
Pearl Harbor,2001,6.9,6908.0,"War, Romance, History, Action",183 min,"$140,000,000",183.0,140000000.0,1,0,0,0,0,0,0,0,0,1,0,0,4,8.840580188488795,2000,12,18.757152987716434
Dune,1984,6.2,3359.0,"Action, Science Fiction, Adventure",136 min,"$40,000,000",136.0,40000000.0,1,0,1,0,0,1,0,0,0,0,0,0,3,8.11969625295725,1980,4,17.50439003707821
Saltburn,2023,7.0,2840.0,"Drama, Comedy, Thriller",131 min,"$20,000,000",131.0,20000000.0,0,1,0,1,1,0,0,0,0,0,0,0,3,7.951911381854188,2020,8,16.811242881518265
The Greatest Showman,2017,7.9,9945.0,Drama,105 min,"$84,000,000",105.0,84000000.0,0,1,0,0,0,0,0,0,0,0,0,0,1,9.204925739274683,2010,20,18.24632736871235
Brokeback Mountain,2005,7.8,7450.0,"Drama, Romance",134 min,"$14,000,000",134.0,14000000.0,0,1,0,0,0,0,0,0,0,1,0,0,2,8.916103530553727,2000,18,16.454567959008102
The Lord of the Rings: The War of the Rohirrim,2024,6.5,814.0,"Animation, Fantasy, Adventure, Action",134 min,"$30,000,000",134.0,30000000.0,1,0,1,0,0,0,1,0,0,0,0,1,4,6.703188113240863,2020,46,17.216707972959764
American Gangster,2007,7.6,5917.0,"Drama, Crime",157 min,"$100,000,000",157.0,100000000.0,0,1,0,0,0,0,0,0,1,0,0,0,2,8.685753832960154,2000,17,18.420680753952364
Eastern Promises,2007,7.3,3643.0,"Thriller, Crime, Mystery",100 min,"$51,500,000",100.0,51500000.0,0,0,0,0,1,0,0,0,1,0,0,0,3,8.200837258379849,2000,16,17.75709238505144
TRON: Legacy,2010,6.5,7804.0,"Adventure, Action, Science Fiction",126 min,"$170,000,000",126.0,170000000.0,1,0,1,0,0,1,0,0,0,0,0,0,3,8.962519832949532,2010,12,18.951309000896888
Twister,1996,6.5,3766.0,"Action, Adventure, Drama",113 min,"$92,000,000",113.0,92000000.0,1,1,1,0,0,0,0,0,0,0,0,0,3,8.23403420769204,1990,7,18.33729914588288
Paddington,2014,7.1,4163.0,"Comedy, Adventure, Family",95 min,"$55,000,000",95.0,55000000.0,0,0,1,1,0,0,0,1,0,0,0,0,3,8.33423142973486,2010,10,17.822843761378564
Monsters University,2013,7.0,11193.0,"Animation, Family",104 min,"$200,000,000",104.0,200000000.0,0,0,0,0,0,0,0,1,0,0,0,1,2,9.323133199451306,2010,19,19.11382792951231
Insidious,2011,6.9,7214.0,"Horror, Thriller",102 min,"$1,500,000",102.0,1500000.0,0,0,0,0,1,0,0,0,0,0,1,0,2,8.88391747120797,2010,9,14.220976332738882
Indiana Jones and the Temple of Doom,1984,7.3,9983.0,"Adventure, Action",118 min,"$28,000,000",118.0,28000000.0,1,0,1,0,0,0,0,0,0,0,0,0,2,9.208739090609209,1980,36,17.147715103853763
The Killer,2023,6.6,2728.0,"Crime, Thriller",118 min,"$175,000,000",118.0,175000000.0,0,0,0,0,1,0,0,0,1,0,0,0,2,7.911690520708339,2020,10,18.980296537602072
Cruel Intentions,1999,6.8,3508.0,"Drama, Romance",98 min,"$10,500,000",98.0,10500000.0,0,1,0,0,0,0,0,0,0,1,0,0,2,8.163086375583216,1990,16,16.166885910365842
Along with the Gods: The Last 49 Days,2018,8.0,734.0,"Action, Adventure, Fantasy, Thriller",141 min,"$18,300,000",141.0,18300000.0,1,0,1,0,1,0,1,0,0,0,0,0,4,6.5998704992128365,2010,37,16.722411672456456
It Follows,2015,6.6,6826.0,"Horror, Mystery",101 min,"$2,300,000",101.0,2300000.0,0,0,0,0,0,0,0,0,0,0,1,0,2,8.82864061741828,2010,10,14.648420115681892
Legion,2010,5.9,2820.0,"Action, Fantasy, Horror",100 min,"$26,000,000",100.0,26000000.0,1,0,0,0,0,0,1,0,0,0,1,0,3,7.944846711001996,2010,6,17.073607134447293
The Nun,2018,5.9,7109.0,Horror,96 min,"$22,000,000",96.0,22000000.0,0,0,0,0,0,0,0,0,0,0,1,0,1,8.869257522797287,2010,7,16.906553056777135
Death Race,2008,6.3,4065.0,"Action, Thriller, Science Fiction",105 min,"$45,000,000",105.0,45000000.0,1,0,0,0,1,1,0,0,0,0,0,0,3,8.310414994188292,2000,10,17.622173069956816
The Married Woman,1964,6.9,130.0,"Drama, Romance",95 min,"$120,000",95.0,120000.0,0,1,0,0,0,0,0,0,0,1,0,0,2,4.875197323201151,1960,17,11.695255355062795
Ant-Man,2015,7.1,20678.0,"Science Fiction, Adventure, Action",117 min,"$130,000,000",117.0,130000000.0,1,0,1,0,0,1,0,0,0,0,0,0,3,9.936873971553762,2010,7,18.683045016112164
Creed III,2023,7.1,2823.0,"Drama, Action",116 min,"$75,000,000",116.0,75000000.0,1,1,0,0,0,0,0,0,0,0,0,0,2,7.945909598613133,2020,9,18.132998684833918
Peninsula,2020,6.7,2542.0,"Horror, Action, Thriller, Adventure",115 min,"$17,000,000",115.0,17000000.0,1,0,1,0,1,0,0,0,0,0,1,0,4,7.841099765422119,2020,9,16.648723960844016
The Hunt,2012,8.1,4651.0,Drama,116 min,"$3,800,000",116.0,3800000.0,0,1,0,0,0,0,0,0,0,0,0,0,1,8.445052513638554,2010,8,15.150511887854474
The Kid,2000,6.7,1100.0,"Fantasy, Comedy, Family",104 min,"$65,000,000",104.0,65000000.0,0,0,0,1,0,0,1,1,0,0,0,0,3,7.00397413672268,2000,7,17.989897843244528
The Empire Strikes Back,1980,8.4,18151.0,"Adventure, Action, Science Fiction",124 min,"$18,000,000",124.0,18000000.0,1,0,1,0,0,1,0,0,0,0,0,0,3,9.806536026459678,1980,23,16.705882371415992
Total Recall,1990,7.3,6330.0,"Action, Adventure, Science Fiction",113 min,"$65,000,000",113.0,65000000.0,1,0,1,0,0,1,0,0,0,0,0,0,3,8.753213480544126,1990,12,17.989897843244528
The Happening,2008,5.4,3890.0,"Thriller, Science Fiction",90 min,"$60,000,000",90.0,60000000.0,0,0,0,0,1,1,0,0,0,0,0,0,2,8.266421472984554,2000,13,17.909855136853043
Beetlejuice,1988,7.4,8321.0,"Fantasy, Comedy",92 min,"$15,000,000",92.0,15000000.0,0,0,0,1,0,0,1,0,0,0,0,0,2,9.026657889542886,1980,11,16.52356082573315
Creed II,2018,7.0,5722.0,"Drama, Action",130 min,"$50,000,000",130.0,50000000.0,1,1,0,0,0,0,0,0,0,0,0,0,2,8.652248422409102,2010,8,17.72753358339242
Tom & Jerry,2021,6.7,2554.0,"Comedy, Family, Animation",101 min,"$50,000,000",101.0,50000000.0,0,0,0,1,0,0,0,1,0,0,0,1,3,7.845807502637805,2020,11,17.72753358339242
The Day After Tomorrow,2004,6.5,8714.0,"Science Fiction, Thriller, Adventure",123 min,"$125,000,000",123.0,125000000.0,0,0,1,0,1,1,0,0,0,0,0,0,3,9.07280095795412,2000,22,18.643824303266577
Jurassic Park,1993,8.0,17616.0,"Adventure, Science Fiction",127 min,"$63,000,000",127.0,63000000.0,0,0,1,0,0,1,0,0,0,0,0,0,2,9.77661962392714,1990,13,17.958645300228824
The Grinch,2018,6.9,4395.0,"Family, Comedy, Animation",85 min,"$75,000,000",85.0,75000000.0,0,0,0,1,0,0,0,1,0,0,0,1,3,8.388450315523512,2010,10,18.132998684833918
Plane,2023,6.9,2596.0,"Action, Adventure, Thriller",107 min,"$25,000,000",107.0,25000000.0,1,0,1,0,1,0,0,0,0,0,0,0,3,7.862112211662748,2020,5,17.034386422832473
Eden Lake,2008,6.8,2039.0,"Horror, Thriller",91 min,"$12,850,990",91.0,12850990.0,0,0,0,0,1,0,0,0,0,0,1,0,2,7.620705086838262,2000,9,16.368931486954427
Dredd,2012,6.9,5436.0,"Action, Science Fiction",96 min,"$50,000,000",96.0,50000000.0,1,0,0,0,0,1,0,0,0,0,0,0,2,8.600982717145921,2010,5,17.72753358339242
Jack Reacher: Never Go Back,2016,6.0,5253.0,"Action, Thriller, Drama, Crime",118 min,"$60,000,000",118.0,60000000.0,1,1,0,0,1,0,0,0,1,0,0,0,4,8.566744970245486,2010,27,17.909855136853043
Ice Age: The Meltdown,2006,6.7,10244.0,"Animation, Family, Comedy, Adventure",91 min,"$80,000,000",91.0,80000000.0,0,0,1,1,0,0,0,1,0,0,0,1,4,9.234545060673,2000,21,18.197537205138154
Black Adam,2022,6.8,6904.0,"Action, Adventure, Science Fiction",125 min,"$200,000,000",125.0,200000000.0,1,0,1,0,0,1,0,0,0,0,0,0,3,8.840001065843392,2020,10,19.11382792951231
Sliding Doors,1998,6.6,1400.0,"Comedy, Drama, Fantasy, Romance",99 min,"$6,000,000",99.0,6000000.0,0,1,0,1,0,0,1,0,0,1,0,0,4,7.244941546337007,1990,13,15.607270193858982
Trolls World Tour,2020,7.2,2245.0,"Family, Animation, Comedy, Fantasy, Adventure, Music",91 min,"$90,000,000",91.0,90000000.0,0,0,1,1,0,0,1,1,0,0,0,1,6,7.716906135298388,2020,17,18.31532023940565
What Women Want,2000,6.4,4301.0,"Comedy, Romance",127 min,"$70,000,000",127.0,70000000.0,0,0,0,1,0,0,0,0,0,1,0,0,2,8.366835309827675,2000,15,18.064005814299346
Green Lantern,2011,5.2,7574.0,"Adventure, Action, Thriller, Science Fiction",114 min,"$200,000,000",114.0,200000000.0,1,0,1,0,1,1,0,0,0,0,0,0,4,8.93260863037757,2010,13,19.11382792951231
The Voyeur,1994,5.5,223.0,"Drama, Romance",98 min,"$2,700,000",98.0,2700000.0,0,1,0,0,0,0,0,0,0,1,0,0,2,5.4116460518550396,1990,10,14.80876270134486
Donnie Darko,2001,7.8,13245.0,"Fantasy, Drama, Mystery",114 min,"$4,500,000",114.0,4500000.0,0,1,0,0,0,0,1,0,0,0,0,0,3,9.491450899044924,2000,12,15.319588176962746
Airplane!,1980,7.3,4973.0,Comedy,88 min,"$3,500,000",88.0,3500000.0,0,0,0,1,0,0,0,0,0,0,0,0,1,8.51197962436335,1980,9,15.068273812173887
Limitless,2011,7.2,11308.0,"Thriller, Mystery, Science Fiction",106 min,"$27,000,000",106.0,27000000.0,0,0,0,0,1,1,0,0,0,0,0,0,3,9.333354147871328,2010,9,17.11134746100564
The Aviator,2004,7.2,5745.0,Drama,170 min,"$110,000,000",170.0,110000000.0,0,1,0,0,0,0,0,0,0,0,0,0,1,8.656259239539235,2000,11,18.5159909328476
Harold & Kumar Escape from Guantanamo Bay,2008,6.3,1602.0,"Comedy, Adventure",101 min,"$12,000,000",101.0,12000000.0,0,0,1,1,0,0,0,0,0,0,0,0,2,7.3796321526095525,2000,41,16.300417291085605
The Mist,2007,6.9,5723.0,"Horror, Science Fiction, Thriller",126 min,"$18,000,000",126.0,18000000.0,0,0,0,0,1,1,0,0,0,0,1,0,3,8.652423140676342,2000,8,16.705882371415992
Beverly Hills Cop: Axel F,2024,6.7,1390.0,"Action, Comedy, Crime",115 min,"$150,000,000",115.0,150000000.0,1,0,0,1,0,0,0,0,1,0,0,0,3,7.237778191923443,2020,25,18.826145858727198
The Nutcracker and the Four Realms,2018,6.1,2227.0,"Fantasy, Adventure, Family",99 min,"$120,000,000",99.0,120000000.0,0,0,1,0,0,0,1,1,0,0,0,0,3,7.708859601047175,2010,34,18.603002309079653
No Time to Die,2021,7.3,6958.0,"Action, Thriller, Adventure",163 min,"$250,000,000",163.0,250000000.0,1,0,1,0,1,0,0,0,0,0,0,0,3,8.84779106484485,2020,14,19.33697147982652
Paddington in Peru,2024,6.8,648.0,"Family, Comedy, Adventure",106 min,"$90,000,000",106.0,90000000.0,0,0,1,1,0,0,0,1,0,0,0,0,3,6.47543271670409,2020,18,18.31532023940565
8 Mile,2002,7.1,7714.0,"Drama, Music",111 min,"$41,000,000",111.0,41000000.0,0,1,0,0,0,0,0,0,0,0,0,0,2,8.950921764797261,2000,6,17.529082649058825
Little Women,2019,7.9,6739.0,"Drama, Romance, History",135 min,"$40,000,000",135.0,40000000.0,0,1,0,0,0,0,0,0,0,1,0,0,3,8.815815203906352,2010,12,17.50439003707821
Jungle Cruise,2021,7.3,6081.0,"Fantasy, Adventure, Action",127 min,"$200,000,000",127.0,200000000.0,1,0,1,0,0,0,1,0,0,0,0,0,3,8.71308886823731,2020,13,19.11382792951231
The Man Who Invented Christmas,2017,6.8,863.0,"Drama, History, Comedy, Family",105 min,"$17,000,000",105.0,17000000.0,0,1,0,1,0,0,0,1,0,0,0,0,4,6.761572768804055,2010,30,16.648723960844016
The Angry Birds Movie 2,2019,7.0,1851.0,"Animation, Adventure, Comedy, Family",97 min,"$65,000,000",97.0,65000000.0,0,0,1,1,0,0,0,1,0,0,0,1,4,7.524021415206125,2010,23,17.989897843244528
For a Few Dollars More,1965,8.0,4357.0,Western,132 min,"$600,000",132.0,600000.0,0,0,0,0,0,0,0,0,0,0,0,0,1,8.379768515504566,1960,22,13.304686600863562
The Rock,1996,7.1,5096.0,"Action, Adventure, Thriller",137 min,"$75,000,000",137.0,75000000.0,1,0,1,0,1,0,0,0,0,0,0,0,3,8.536407410340042,1990,8,18.132998684833918
The Year of Living Dangerously,1982,6.7,353.0,"Romance, Drama",114 min,"$6,000,000",114.0,6000000.0,0,1,0,0,0,0,0,0,0,1,0,0,2,5.869296913133774,1980,30,15.607270193858982
Rules Don't Apply,2016,5.7,495.0,"Romance, Comedy, Drama",127 min,"$25,000,000",127.0,25000000.0,0,1,0,1,0,0,0,0,0,1,0,0,3,6.206575926724928,2010,17,17.034386422832473
Shaun of the Dead,2004,7.5,9184.0,"Horror, Comedy",99 min,"$6,000,000",99.0,6000000.0,0,0,0,1,0,0,0,0,0,0,1,0,2,9.125326997649227,2000,17,15.607270193858982
Basic Instinct,1992,6.9,4293.0,"Thriller, Mystery",128 min,"$49,000,000",128.0,49000000.0,0,0,0,0,1,0,0,0,0,0,0,0,2,8.364973978438726,1990,14,17.707330876483063
The Menu,2022,7.2,5966.0,"Comedy, Horror, Thriller",107 min,"$35,000,000",107.0,35000000.0,0,0,0,1,1,0,0,0,0,0,1,0,3,8.693999567522082,2020,8,17.370858648025116
Dumbo,1941,7.0,5241.0,"Animation, Family",64 min,"$812,000",64.0,812000.0,0,0,0,0,0,0,0,1,0,0,0,1,2,8.564458383883352,1940,5,13.60725685067015
Journey to the Center of the Earth,2008,6.1,5082.0,"Action, Science Fiction, Adventure, Comedy, Family",93 min,"$45,000,000",93.0,45000000.0,1,0,1,1,0,1,0,1,0,0,0,0,5,8.533656917446903,2000,34,17.622173069956816
Don't Let Go,2019,6.9,441.0,"Horror, Mystery, Science Fiction, Thriller",107 min,"$5,000,000",107.0,5000000.0,0,0,0,0,1,1,0,0,0,0,1,0,4,6.091309882077698,2010,12,15.424948670398354
The Birds,1963,7.5,4400.0,"Horror, Thriller",119 min,"$2,500,000",119.0,2500000.0,0,0,0,0,1,0,0,0,0,0,1,0,2,8.38958706681109,1960,9,14.731801689838349
17 Again,2009,6.3,5370.0,"Comedy, Fantasy, Drama, Romance",102 min,"$20,000,000",102.0,20000000.0,0,1,0,1,0,0,1,0,0,1,0,0,4,8.58876938990546,2000,8,16.811242881518265
Norbit,2007,5.7,2558.0,Comedy,102 min,"$10,000,000",102.0,10000000.0,0,0,0,1,0,0,0,0,0,0,0,0,1,7.847371836159788,2000,6,16.118095750958314
Black Hawk Down,2001,7.4,6239.0,"Action, War, History",145 min,"$92,000,000",145.0,92000000.0,1,0,0,0,0,0,0,0,0,0,0,0,3,8.738735461363474,2000,15,18.33729914588288
The Meg,2018,6.2,8105.0,"Action, Science Fiction, Horror",113 min,"$150,000,000",113.0,150000000.0,1,0,0,0,0,1,0,0,0,0,1,0,3,9.000359807188254,2010,7,18.826145858727198
Rampage,2018,6.4,7429.0,"Action, Adventure, Science Fiction",107 min,"$120,000,000",107.0,120000000.0,1,0,1,0,0,1,0,0,0,0,0,0,3,8.913281137711804,2010,7,18.603002309079653
How to Train Your Dragon: The Hidden World,2019,7.7,6998.0,"Animation, Family, Adventure",104 min,"$129,000,000",104.0,129000000.0,0,0,1,0,0,0,0,1,0,0,0,1,3,8.85352256068954,2010,42,18.675322970077882
Hitch,2005,6.6,6140.0,"Comedy, Drama, Romance",118 min,"$70,000,000",118.0,70000000.0,0,1,0,1,0,0,0,0,0,1,0,0,3,8.722742874329398,2000,5,18.064005814299346
The Pirates! In an Adventure with Scientists!,2012,6.5,1189.0,"Animation, Adventure, Family, Comedy",88 min,"$60,000,000",88.0,60000000.0,0,0,1,1,0,0,0,1,0,0,0,1,4,7.081708586105575,2010,45,17.909855136853043
Cloud Atlas,2012,6.9,7427.0,"Drama, Science Fiction",172 min,"$102,000,000",172.0,102000000.0,0,1,0,0,0,1,0,0,0,0,0,0,2,8.913011922472597,2010,11,18.440483381052466
Safe,2012,6.5,2633.0,"Action, Crime, Thriller",94 min,"$30,000,000",94.0,30000000.0,1,0,0,0,1,0,0,0,1,0,0,0,3,7.876258882303226,2010,4,17.216707972959764
Million Dollar Arm,2014,6.7,654.0,Drama,124 min,"$25,000,000",124.0,25000000.0,0,1,0,0,0,0,0,0,0,0,0,0,1,6.484635235635252,2010,18,17.034386422832473
Blade,1998,6.8,6569.0,"Horror, Action",121 min,"$45,000,000",121.0,45000000.0,1,0,0,0,0,0,0,0,0,0,1,0,2,8.790269111478656,1990,5,17.622173069956816
Wanted,2008,6.5,7485.0,"Action, Thriller, Crime",110 min,"$75,000,000",110.0,75000000.0,1,0,0,0,1,0,0,0,1,0,0,0,3,8.920789888464375,2000,6,18.132998684833918
The Purge,2013,6.3,8754.0,"Science Fiction, Horror, Thriller",85 min,"$3,000,000",85.0,3000000.0,0,0,0,0,1,1,0,0,0,0,1,0,3,9.077380244719953,2010,9,14.914123179965662
Yes Man,2008,6.7,7290.0,"Comedy, Romance",104 min,"$70,000,000",104.0,70000000.0,0,0,0,1,0,0,0,0,0,1,0,0,2,8.89439598980643,2000,7,18.064005814299346
Kung Fu Panda 3,2016,6.9,6488.0,"Animation, Action, Adventure, Comedy, Family",95 min,"$145,000,000",95.0,145000000.0,1,0,1,1,0,0,0,1,0,0,0,1,5,8.77786371462117,2010,15,18.7922443072814
Baywatch,2017,6.1,8436.0,"Comedy, Action, Crime",116 min,"$69,000,000",116.0,69000000.0,1,0,0,1,0,0,0,0,1,0,0,0,3,9.040382074165628,2010,8,18.049617077054286
Mission: Impossible,1996,7.0,9837.0,"Adventure, Action, Thriller",111 min,"$80,000,000",111.0,80000000.0,1,0,1,0,1,0,0,0,0,0,0,0,3,9.194007717355285,1990,19,18.197537205138154
The Big Short,2015,7.4,9701.0,"Comedy, Drama",131 min,"$28,000,000",131.0,28000000.0,0,1,0,1,0,0,0,0,0,0,0,0,2,9.180087328805161,2010,13,17.147715103853763
Sing,2016,7.1,8356.0,"Family, Comedy, Music, Animation",108 min,"$75,000,000",108.0,75000000.0,0,0,0,1,0,0,0,1,0,0,0,1,4,9.030854790001436,2010,4,18.132998684833918
Bee Movie,2007,6.0,5171.0,"Family, Animation, Adventure, Comedy",91 min,"$150,000,000",91.0,150000000.0,0,0,1,1,0,0,0,1,0,0,0,1,4,8.551014739891748,2000,9,18.826145858727198
Double Jeopardy,1999,6.6,1444.0,"Thriller, Crime, Mystery",105 min,"$70,000,000",105.0,70000000.0,0,0,0,0,1,0,0,0,1,0,0,0,3,7.275864600546533,1990,15,18.064005814299346
Secretary,2002,6.8,1848.0,"Romance, Drama, Comedy",111 min,"$4,000,000",111.0,4000000.0,0,1,0,1,0,0,0,0,0,1,0,0,3,7.522400231387125,2000,9,15.201805169084134
Sing 2,2021,7.8,4715.0,"Family, Comedy, Music, Animation",110 min,"$85,000,000",110.0,85000000.0,0,0,0,1,0,0,0,1,0,0,0,1,4,8.458716261657262,2020,6,18.258161826219297
The Last Samurai,2003,7.6,7402.0,"Drama, Action, War",154 min,"$140,000,000",154.0,140000000.0,1,1,0,0,0,0,0,0,0,0,0,0,3,8.909640602443098,2000,16,18.757152987716434
Intolerance: Love's Struggle Throughout the Ages,1916,7.1,367.0,"Drama, History",197 min,"$385,907",197.0,385907.0,0,1,0,0,0,0,0,0,0,0,0,0,2,5.908082938168931,1910,48,12.863354278070094
Smile 2,2024,6.6,2032.0,"Horror, Mystery",127 min,"$28,000,000",127.0,28000000.0,0,0,0,0,0,0,0,0,0,0,1,0,2,7.617267813628347,2020,7,17.147715103853763
Before Sunrise,1995,8.0,4585.0,"Drama, Romance",101 min,"$2,500,000",101.0,2500000.0,0,1,0,0,0,0,0,0,0,1,0,0,2,8.43076346341785,1990,14,14.731801689838349
Dark Shadows,2012,6.1,7550.0,"Comedy, Fantasy",113 min,"$150,000,000",113.0,150000000.0,0,0,0,1,0,0,1,0,0,0,0,0,2,8.929435283803425,2010,12,18.826145858727198
War for the Planet of the Apes,2017,7.2,9610.0,"Drama, Science Fiction, War",140 min,"$150,000,000",140.0,150000000.0,0,1,0,0,0,1,0,0,0,0,0,0,3,9.170663554823284,2010,30,18.826145858727198
Wild Child,2008,6.7,1906.0,"Comedy, Drama, Romance",98 min,"$20,000,000",98.0,20000000.0,0,1,0,1,0,0,0,0,0,1,0,0,3,7.553286605600419,2000,10,16.811242881518265
Sicario: Day of the Soldado,2018,6.9,3950.0,"Action, Crime, Thriller",122 min,"$35,000,000",122.0,35000000.0,1,0,0,0,1,0,0,0,1,0,0,0,3,8.281723990411392,2010,27,17.370858648025116
Mystic River,2003,7.7,7312.0,"Thriller, Crime, Drama, Mystery",138 min,"$25,000,000",138.0,25000000.0,0,1,0,0,1,0,0,0,1,0,0,0,4,8.89740886527095,2000,12,17.034386422832473
The Platform,2019,7.0,7711.0,"Drama, Science Fiction, Thriller",95 min,"$1,203,235",95.0,1203235.0,0,1,0,0,1,1,0,0,0,0,0,0,3,8.950532836290382,2010,12,14.000525151942877
Cobweb,2023,6.4,1028.0,Horror,88 min,"$13,000,000",88.0,13000000.0,0,0,0,0,0,0,0,0,0,0,1,0,1,6.9363427358340495,2020,6,16.380459992348886
Damsel,2024,7.0,2713.0,"Fantasy, Action, Adventure",107 min,"$60,000,000",107.0,60000000.0,1,0,1,0,0,0,1,0,0,0,0,0,3,7.906178840394815,2020,6,17.909855136853043
A Clockwork Orange,1971,8.2,13662.0,"Science Fiction, Crime",137 min,"$2,200,000",137.0,2200000.0,0,0,0,0,0,1,0,0,1,0,0,0,2,9.522446728338489,1970,18,14.603968372873895
Bohemian Rhapsody,2018,8.0,17601.0,"Music, Drama",135 min,"$52,000,000",135.0,52000000.0,0,1,0,0,0,0,0,0,0,0,0,0,2,9.775767810933758,2010,17,17.76675429577647
Twisters,2024,6.8,2858.0,"Action, Thriller",123 min,"$155,000,000",123.0,155000000.0,1,0,0,0,1,0,0,0,0,0,0,0,2,7.958227192322312,2020,8,18.858935681335133
Return to the Blue Lagoon,1991,6.2,1239.0,"Adventure, Drama",98 min,"$11,000,000",98.0,11000000.0,0,1,1,0,0,0,0,0,0,0,0,0,2,7.122866658599083,1990,25,16.213405921671733
Glass,2019,6.7,8976.0,"Thriller, Drama, Science Fiction",129 min,"$20,000,000",129.0,20000000.0,0,1,0,0,1,1,0,0,0,0,0,0,3,9.10242102975669,2010,5,16.811242881518265
Jumanji: Welcome to the Jungle,2017,6.8,14329.0,"Adventure, Comedy, Fantasy, Action",119 min,"$90,000,000",119.0,90000000.0,1,0,1,1,0,0,1,0,0,0,0,0,4,9.570110520822217,2010,30,18.31532023940565
Incendies,2010,8.1,3184.0,"Drama, War, Mystery",131 min,"$6,800,000",131.0,6800000.0,0,1,0,0,0,0,0,0,0,0,0,0,3,8.066207568006265,2010,9,15.732433317205148
The Bad Guys,2022,7.5,2484.0,"Family, Comedy, Crime, Adventure, Animation, Action",100 min,"$80,000,000",100.0,80000000.0,1,0,1,1,0,0,0,1,1,0,0,1,6,7.818027938530729,2020,12,18.197537205138154
RED,2010,6.7,7069.0,"Action, Adventure, Comedy, Crime, Thriller",111 min,"$58,000,000",111.0,58000000.0,1,0,1,1,1,0,0,0,1,0,0,0,5,8.863615758890619,2010,3,17.87595358575207
Go,1999,7.0,804.0,"Crime, Comedy, Thriller",102 min,"$6,500,000",102.0,6500000.0,0,0,0,1,1,0,0,0,1,0,0,0,3,6.690842277418564,1990,2,15.687312888712007
Ant-Man and the Wasp: Quantumania,2023,6.2,5690.0,"Action, Adventure, Science Fiction",125 min,"$200,000,000",125.0,200000000.0,1,0,1,0,0,1,0,0,0,0,0,0,3,8.646641258603124,2020,33,19.11382792951231
Charlie's Angels,2000,5.9,4446.0,"Action, Comedy, Adventure",98 min,"$92,000,000",98.0,92000000.0,1,0,1,1,0,0,0,0,0,0,0,0,3,8.399984990510696,2000,16,18.33729914588288
A Quiet Place Part II,2021,7.4,7243.0,"Science Fiction, Thriller, Horror",96 min,"$55,000,000",96.0,55000000.0,0,0,0,0,1,1,0,0,0,0,1,0,3,8.887928819003305,2020,21,17.822843761378564
9 Songs,2004,5.5,567.0,"Drama, Music, Romance",70 min,"$1,000,000",70.0,1000000.0,0,1,0,0,0,0,0,0,0,1,0,0,3,6.342121418721152,2000,7,13.815511557963774
Amélie,2001,7.9,12260.0,"Comedy, Romance",122 min,"$10,000,000",122.0,10000000.0,0,0,0,1,0,0,0,0,0,1,0,0,2,9.414178772232386,2000,6,16.118095750958314
Dan in Real Life,2007,6.6,1326.0,"Comedy, Romance, Drama",98 min,"$25,000,000",98.0,25000000.0,0,1,0,1,0,0,0,0,0,1,0,0,3,7.190676034332207,2000,16,17.034386422832473
Signs,2002,6.7,6140.0,"Thriller, Science Fiction, Horror",106 min,"$72,000,000",106.0,72000000.0,0,0,0,0,1,1,0,0,0,0,1,0,3,8.722742874329398,2000,5,18.09217669086922
Napoleon,2023,6.3,3019.0,"History, War, Romance",158 min,"$165,000,000",158.0,165000000.0,0,0,0,0,0,0,0,0,0,1,0,0,3,8.013012110368916,2020,8,18.92145603792546
Gone with the Wind,1939,7.9,4326.0,"Drama, War, Romance",233 min,"$4,000,000",233.0,4000000.0,0,1,0,0,0,0,0,0,0,1,0,0,3,8.372629740224884,1930,18,15.201805169084134
M3GAN,2022,7.0,4702.0,"Science Fiction, Horror",102 min,"$12,000,000",102.0,12000000.0,0,0,0,0,0,1,0,0,0,0,1,0,2,8.455955881945048,2020,5,16.300417291085605
The Magnificent Seven,2016,6.5,6309.0,"Adventure, Action, Western",132 min,"$90,000,000",132.0,90000000.0,1,0,1,0,0,0,0,0,0,0,0,0,3,8.749890955535259,2010,21,18.31532023940565
The Interview,2014,6.2,6148.0,"Action, Comedy",112 min,"$44,000,000",112.0,44000000.0,1,0,0,1,0,0,0,0,0,0,0,0,2,8.724044745953469,2010,13,17.599700214609808
Jawan,2023,7.1,315.0,"Action, Thriller",169 min,"$36,150,000",169.0,36150000.0,1,0,0,0,1,0,0,0,0,0,0,0,2,5.755742213586912,2020,5,17.403187534231563
Children of Men,2006,7.6,7709.0,"Science Fiction, Thriller",109 min,"$76,000,000",109.0,76000000.0,0,0,0,0,1,1,0,0,0,0,0,0,2,8.950273466557375,2000,15,18.1462439114085
Wonder,2017,8.1,8186.0,"Family, Drama",113 min,"$20,000,000",113.0,20000000.0,0,1,0,0,0,0,0,1,0,0,0,0,2,9.010302809376448,2010,6,16.811242881518265
Eddington,2025,6.4,684.0,"Western, Comedy, Crime",148 min,"$25,000,000",148.0,25000000.0,0,0,0,1,0,0,0,0,1,0,0,0,3,6.529418838262226,2020,9,17.034386422832473
The Secret Life of Pets 2,2019,7.0,3281.0,"Family, Comedy, Adventure, Animation",86 min,"$80,000,000",86.0,80000000.0,0,0,1,1,0,0,0,1,0,0,0,1,4,8.096208271650037,2010,25,18.197537205138154
Insurgent,2015,6.4,10356.0,"Action, Science Fiction, Thriller",119 min,"$110,000,000",119.0,110000000.0,1,0,0,0,1,1,0,0,0,0,0,0,3,9.24541789858888,2010,9,18.5159909328476
The Goonies,1985,7.5,6141.0,"Adventure, Comedy, Family",114 min,"$19,000,000",114.0,19000000.0,0,0,1,1,0,0,0,1,0,0,0,0,3,8.722905701000768,1980,11,16.759949589762293
The Crocodile Hunter: Collision Course,2002,5.4,109.0,"Family, Adventure, Comedy, Action",90 min,"$12,000,000",90.0,12000000.0,1,0,1,1,0,0,0,1,0,0,0,0,4,4.700480365792417,2000,38,16.300417291085605
Babe,1995,6.3,3077.0,"Fantasy, Drama, Comedy, Family",92 min,"$30,000,000",92.0,30000000.0,0,1,0,1,0,0,1,1,0,0,0,0,4,8.032035314398824,1990,4,17.216707972959764
Wall Street,1987,7.2,2212.0,"Crime, Drama",126 min,"$15,000,000",126.0,15000000.0,0,1,0,0,0,0,0,0,1,0,0,0,2,7.70210434005105,1980,11,16.52356082573315
Bad Boys for Life,2020,7.1,8652.0,"Thriller, Action, Crime",124 min,"$90,000,000",124.0,90000000.0,1,0,0,0,1,0,0,0,1,0,0,0,3,9.06566136060674,2020,17,18.31532023940565
Watchmen,2009,7.3,9836.0,"Mystery, Action, Science Fiction",163 min,"$130,000,000",163.0,130000000.0,1,0,0,0,0,1,0,0,0,0,0,0,3,9.193906065512758,2000,8,18.683045016112164
Greyhound,2020,7.4,3237.0,"War, Action, Drama",92 min,"$50,300,000",92.0,50300000.0,1,1,0,0,0,0,0,0,0,0,0,0,3,8.08271113423758,2020,9,17.733515654950683
Henry: Portrait of a Serial Killer,1986,6.7,766.0,"Crime, Horror, Thriller, Drama",83 min,"$111,000",83.0,111000.0,0,1,0,0,1,0,0,0,1,0,1,0,4,6.642486801367256,1980,34,11.6172944892629
Fantastic Beasts: The Secrets of Dumbledore,2022,6.6,5018.0,"Fantasy, Adventure",142 min,"$200,000,000",142.0,200000000.0,0,0,1,0,0,0,1,0,0,0,0,0,2,8.520985989654934,2020,43,19.11382792951231
A History of Violence,2005,7.2,3639.0,"Drama, Thriller, Crime",96 min,"$32,000,000",96.0,32000000.0,0,1,0,0,1,0,0,0,1,0,0,0,3,8.199738960630786,2000,21,17.281246492014
Dunkirk,2017,7.4,17375.0,"War, Action, Drama",107 min,"$150,000,000",107.0,150000000.0,1,1,0,0,0,0,0,0,0,0,0,0,3,9.762845222733661,2010,7,18.826145858727198
True Legend,2010,6.6,241.0,"Action, Fantasy",115 min,"$20,000,000",115.0,20000000.0,1,0,0,0,0,0,1,0,0,0,0,0,2,5.488937726156687,2010,11,16.811242881518265
Rambo,2008,6.7,4200.0,"Action, Thriller, War",92 min,"$50,000,000",92.0,50000000.0,1,0,0,0,1,0,0,0,0,0,0,0,3,8.343077871169383,2000,5,17.72753358339242
A Most Violent Year,2014,6.6,1513.0,"Crime, Drama, Thriller",125 min,"$20,000,000",125.0,20000000.0,0,1,0,0,1,0,0,0,1,0,0,0,3,7.322510433997394,2010,19,16.811242881518265
Geostorm,2017,6.1,5087.0,"Action, Science Fiction, Thriller",109 min,"$120,000,000",109.0,120000000.0,1,0,0,0,1,1,0,0,0,0,0,0,3,8.534640105019959,2010,8,18.603002309079653
The Lion King,2019,7.1,10663.0,"Adventure, Drama, Family, Animation",118 min,"$260,000,000",118.0,260000000.0,0,1,1,0,0,0,0,1,0,0,0,1,4,9.274628861858545,2010,13,19.376192192825954
Nope,2022,6.8,4746.0,"Horror, Science Fiction",130 min,"$68,000,000",130.0,68000000.0,0,0,0,0,0,1,0,0,0,0,1,0,2,8.465268118551318,2020,4,18.035018277846262
Revolutionary Road,2008,7.0,4062.0,"Drama, Romance",119 min,"$35,000,000",119.0,35000000.0,0,1,0,0,0,0,0,0,0,1,0,0,2,8.309676895987726,2000,18,17.370858648025116
Tarot,2024,6.4,1359.0,Horror,92 min,"$8,000,000",92.0,8000000.0,0,0,0,0,0,0,0,0,0,0,1,0,1,7.215239978730097,2020,5,15.894952224644102
The Last: Naruto the Movie,2014,7.5,2366.0,"Action, Romance, Animation",114 min,"$750,000",114.0,750000.0,1,0,0,0,0,0,0,0,0,1,0,1,3,7.769378609513984,2010,26,13.527829818844937
Solo: A Star Wars Story,2018,6.6,9144.0,"Science Fiction, Adventure, Action",135 min,"$250,000,000",135.0,250000000.0,1,0,1,0,0,1,0,0,0,0,0,0,3,9.120962560824966,2010,23,19.33697147982652
Legally Blonde,2001,6.8,4455.0,Comedy,96 min,"$18,000,000",96.0,18000000.0,0,0,0,1,0,0,0,0,0,0,0,0,1,8.40200678160712,2000,14,16.705882371415992
Godzilla: King of the Monsters,2019,6.7,6609.0,"Science Fiction, Action",132 min,"$170,000,000",132.0,170000000.0,1,0,0,0,0,1,0,0,0,0,0,0,2,8.796338932845732,2010,30,18.951309000896888
Hellboy,2004,6.7,7323.0,"Fantasy, Action",122 min,"$66,000,000",122.0,66000000.0,1,0,0,0,0,0,1,0,0,0,0,0,2,8.898911905794401,2000,7,18.005165315142214
Coming to America,1988,6.9,4669.0,"Comedy, Romance",117 min,"$30,000,000",117.0,30000000.0,0,0,0,1,0,0,0,0,0,1,0,0,2,8.448914350662942,1980,17,17.216707972959764
Sleeping Beauty,1959,6.9,5430.0,"Fantasy, Animation, Romance, Family",75 min,"$6,000,000",75.0,6000000.0,0,0,0,0,0,0,1,1,0,1,0,1,4,8.599878558034845,1950,15,15.607270193858982
Casino,1995,8.0,6418.0,"Crime, Drama",179 min,"$50,000,000",179.0,50000000.0,0,1,0,0,0,0,0,0,1,0,0,0,2,8.767017621311778,1990,6,17.72753358339242
Primal Fear,1996,7.7,3803.0,"Crime, Drama, Mystery, Thriller",130 min,"$30,000,000",130.0,30000000.0,0,1,0,0,1,0,0,0,1,0,0,0,4,8.24380842366528,1990,11,17.216707972959764
Blitz,2011,6.2,1767.0,"Crime, Action, Thriller",97 min,"$15,774,948",97.0,15774948.0,1,0,0,0,1,0,0,0,1,0,0,0,3,7.477604243197589,2010,5,16.573933733422773
Warcraft,2016,6.4,7168.0,"Action, Adventure, Fantasy",123 min,"$160,000,000",123.0,160000000.0,1,0,1,0,0,0,1,0,0,0,0,0,3,8.877521453852872,2010,8,18.8906843794481
A View to a Kill,1985,6.2,2153.0,"Adventure, Action, Thriller",131 min,"$30,000,000",131.0,30000000.0,1,0,1,0,1,0,0,0,0,0,0,0,3,7.675081857716334,1980,16,17.216707972959764
Pocahontas,1995,6.9,6013.0,"Adventure, Animation, Family, Romance",81 min,"$55,000,000",81.0,55000000.0,0,0,1,0,0,0,0,1,0,1,0,1,4,8.701845363548474,1990,10,17.822843761378564
The Secret Life of Walter Mitty,2013,7.2,8124.0,"Adventure, Comedy, Drama, Fantasy",114 min,"$90,000,000",114.0,90000000.0,0,1,1,1,0,0,1,0,0,0,0,0,4,9.002701007197938,2010,31,18.31532023940565
Lord of War,2005,7.3,5225.0,"Crime, Drama, Thriller",122 min,"$50,000,000",122.0,50000000.0,0,1,0,0,1,0,0,0,1,0,0,0,3,8.561401446080557,2000,11,17.72753358339242
Monsters vs Aliens,2009,6.2,4895.0,"Animation, Family, Adventure, Science Fiction",94 min,"$175,000,000",94.0,175000000.0,0,0,1,0,0,1,0,1,0,0,0,1,4,8.496173824192162,2000,18,18.980296537602072
Misery,1990,7.7,5131.0,"Drama, Thriller",107 min,"$20,000,000",107.0,20000000.0,0,1,0,0,1,0,0,0,0,0,0,0,2,8.543250725735527,1990,6,16.811242881518265
Black Swan,2010,7.7,15380.0,"Drama, Thriller, Horror",108 min,"$13,000,000",108.0,13000000.0,0,1,0,0,1,0,0,0,0,0,1,0,3,9.64088826045181,2010,10,16.380459992348886
The Fate of the Furious,2017,6.9,10725.0,"Action, Crime, Thriller",136 min,"$250,000,000",136.0,250000000.0,1,0,0,0,1,0,0,0,1,0,0,0,3,9.280425979542871,2010,23,19.33697147982652
Evil Dead,2013,6.6,4936.0,Horror,91 min,"$17,000,000",91.0,17000000.0,0,0,0,0,0,0,0,0,0,0,1,0,1,8.504513138258863,2010,9,16.648723960844016
Entourage,2015,6.2,1091.0,"Comedy, Drama",104 min,"$30,000,000",104.0,30000000.0,0,1,0,1,0,0,0,0,0,0,0,0,2,6.9957661563048505,2010,9,17.216707972959764
Inside Man,2006,7.4,6250.0,"Crime, Drama, Thriller",129 min,"$45,000,000",129.0,45000000.0,0,1,0,0,1,0,0,0,1,0,0,0,3,8.740496729931813,2000,10,17.622173069956816
The Proposal,2009,7.1,7346.0,"Comedy, Romance, Drama",108 min,"$40,000,000",108.0,40000000.0,0,1,0,1,0,0,0,0,0,1,0,0,3,8.902047345620277,2000,12,17.50439003707821
Weekend in Taipei,2024,6.3,259.0,"Action, Adventure, Thriller",101 min,"$30,000,000",101.0,30000000.0,1,0,1,0,1,0,0,0,0,0,0,0,3,5.560681631015528,2020,17,17.216707972959764
PAW Patrol: The Mighty Movie,2023,7.0,533.0,"Family, Comedy, Adventure, Animation",88 min,"$30,000,000",88.0,30000000.0,0,0,1,1,0,0,0,1,0,0,0,1,4,6.280395838960195,2020,28,17.216707972959764
BlackBerry,2023,7.2,828.0,"Comedy, Drama, History",120 min,"$5,000,000",120.0,5000000.0,0,1,0,1,0,0,0,0,0,0,0,0,3,6.720220155135295,2020,10,15.424948670398354
Once Upon a Time in Mexico,2003,6.3,2350.0,"Action, Crime, Thriller, Western",102 min,"$29,000,000",102.0,29000000.0,1,0,0,0,1,0,0,0,1,0,0,0,4,7.762596048540069,2000,26,17.182806422433504
Along with the Gods: The Two Worlds,2017,8.0,1167.0,"Action, Adventure, Drama, Fantasy, Thriller",139 min,"$18,300,000",139.0,18300000.0,1,1,1,0,1,0,1,0,0,0,0,0,5,7.0630481633881725,2010,35,16.722411672456456
Orphan,2009,7.0,5584.0,"Horror, Thriller",123 min,"$20,000,000",123.0,20000000.0,0,0,0,0,1,0,0,0,0,0,1,0,2,8.6278397115033,2000,6,16.811242881518265
Until the End of the World,1991,6.7,235.0,"Drama, Science Fiction, Adventure",158 min,"$23,000,000",158.0,23000000.0,0,1,1,0,0,1,0,0,0,0,0,0,3,5.4638318050256105,1990,26,16.951004817371683
101 Dalmatians,1996,5.9,3592.0,"Family, Comedy",103 min,"$54,000,000",103.0,54000000.0,0,0,0,1,0,0,0,1,0,0,0,0,2,8.186742787113518,1990,14,17.804494623047066
The Cabin in the Woods,2012,6.6,8415.0,"Horror, Mystery, Comedy",95 min,"$30,000,000",95.0,30000000.0,0,0,0,1,0,0,0,0,0,0,1,0,3,9.03788993497749,2010,22,17.216707972959764
True Lies,1994,7.1,4479.0,"Action, Thriller",141 min,"$115,000,000",141.0,115000000.0,1,0,0,0,1,0,0,0,0,0,0,0,2,8.40737832540903,1990,9,18.560442695023177
Bumblebee,2018,6.7,6536.0,"Action, Adventure, Science Fiction",114 min,"$135,000,000",114.0,135000000.0,1,0,1,0,0,1,0,0,0,0,0,0,3,8.78523362361273,2010,9,18.72078534381011
Now You See Me 2,2016,6.8,11424.0,"Thriller, Crime",129 min,"$120,000,000",129.0,120000000.0,0,0,0,0,1,0,0,0,1,0,0,0,2,9.343559215762406,2010,16,18.603002309079653
The Matrix Revolutions,2003,6.7,10640.0,"Adventure, Action, Thriller, Science Fiction",129 min,"$150,000,000",129.0,150000000.0,1,0,1,0,1,1,0,0,0,0,0,0,4,9.272469743441732,2000,22,18.826145858727198
The Dreamers,2003,7.2,3048.0,"Drama, Romance",115 min,"$15,000,000",115.0,15000000.0,0,1,0,0,0,0,0,0,0,1,0,0,2,8.022568946988255,2000,12,16.52356082573315
The Intern,2015,7.2,7209.0,Comedy,121 min,"$35,000,000",121.0,35000000.0,0,0,0,1,0,0,0,0,0,0,0,0,1,8.883224230278994,2010,10,17.370858648025116
Terminator 3: Rise of the Machines,2003,6.2,7135.0,"Action, Thriller, Science Fiction",109 min,"$200,000,000",109.0,200000000.0,1,0,0,0,1,1,0,0,0,0,0,0,3,8.872907674259846,2000,34,19.11382792951231
Conan the Barbarian,1982,6.8,2734.0,"Adventure, Fantasy, Action",130 min,"$20,000,000",130.0,20000000.0,1,0,1,0,0,0,1,0,0,0,0,0,3,7.913886714856082,1980,19,16.811242881518265
Ninja Assassin,2009,6.7,1724.0,"Action, Adventure, Thriller",99 min,"$40,000,000",99.0,40000000.0,1,0,1,0,1,0,0,0,0,0,0,0,3,7.45298232946546,2000,14,17.50439003707821
Where the Crawdads Sing,2022,7.5,2226.0,"Drama, Mystery, Romance",126 min,"$24,000,000",126.0,24000000.0,0,1,0,0,0,0,0,0,0,1,0,0,3,7.708410667257367,2020,23,16.993564429978885
What Lies Beneath,2000,6.4,1991.0,"Drama, Horror, Mystery, Thriller",130 min,"$100,000,000",130.0,100000000.0,0,1,0,0,1,0,0,0,0,0,1,0,4,7.596894438144544,2000,17,18.420680753952364
Wonder Woman 1984,2020,6.4,8948.0,"Action, Adventure, Fantasy",151 min,"$200,000,000",151.0,200000000.0,1,0,1,0,0,0,1,0,0,0,0,0,3,9.099297073182859,2020,17,19.11382792951231
Pretty Woman,1990,7.5,8867.0,"Romance, Comedy",120 min,"$14,000,000",120.0,14000000.0,0,0,0,1,0,0,0,0,0,1,0,0,2,9.090204570736201,1990,12,16.454567959008102
Black Bag,2025,6.3,1132.0,"Drama, Mystery, Thriller",94 min,"$50,000,000",94.0,50000000.0,0,1,0,0,1,0,0,0,0,0,0,0,3,7.0326242610280065,2020,9,17.72753358339242
Birds of Prey (and the Fantabulous Emancipation of One Harley Quinn),2020,6.9,10712.0,"Action, Crime",109 min,"$75,000,000",109.0,75000000.0,1,0,0,0,0,0,0,0,1,0,0,0,2,9.279213236262558,2020,68,18.132998684833918
The Three Brothers: The Return,2014,5.0,470.0,Comedy,106 min,"$13,640,000",106.0,13640000.0,0,0,0,1,0,0,0,0,0,0,0,0,1,6.154858094016418,2010,30,16.42851728369337
The 40 Year Old Virgin,2005,6.4,7110.0,"Comedy, Romance",116 min,"$26,000,000",116.0,26000000.0,0,0,0,1,0,0,0,0,0,1,0,0,2,8.869398159883518,2000,22,17.073607134447293
Jason Lives - Friday the 13th Part VI,1986,6.3,1319.0,"Horror, Thriller",86 min,"$3,000,000",86.0,3000000.0,0,0,0,0,1,0,0,0,0,0,1,0,2,7.1853870155804165,1980,37,14.914123179965662
Buffalo Soldiers,2002,6.3,345.0,"Drama, Comedy, War, Crime, Thriller",98 min,"$15,000,000",98.0,15000000.0,0,1,0,1,1,0,0,0,1,0,0,0,5,5.846438775057725,2000,16,16.52356082573315
Sucker Punch,2011,6.2,4992.0,"Action, Fantasy, Thriller",110 min,"$82,000,000",110.0,82000000.0,1,0,0,0,1,0,1,0,0,0,0,0,3,8.51579221050061,2010,12,18.22222981742365
Until Dawn,2025,6.3,1324.0,"Horror, Mystery",103 min,"$15,000,000",103.0,15000000.0,0,0,0,0,0,0,0,0,0,0,1,0,2,7.1891677384203225,2020,10,16.52356082573315
Brothers,2009,7.3,3868.0,"Drama, Thriller, War",105 min,"$26,000,000",105.0,26000000.0,0,1,0,0,1,0,0,0,0,0,0,0,3,8.260751354700513,2000,8,17.073607134447293
The Simpsons Movie,2007,7.0,8458.0,"Animation, Comedy, Family",87 min,"$75,000,000",87.0,75000000.0,0,0,0,1,0,0,0,1,0,0,0,1,3,9.042986242304014,2000,18,18.132998684833918
Onward,2020,7.6,6496.0,"Family, Comedy, Adventure, Animation, Fantasy",102 min,"$200,000,000",102.0,200000000.0,0,0,1,1,0,0,1,1,0,0,0,1,5,8.77909581088053,2020,6,19.11382792951231
The Man in the Iron Mask,1998,6.6,4081.0,"Adventure, Action, Drama",132 min,"$35,000,000",132.0,35000000.0,1,1,1,0,0,0,0,0,0,0,0,0,3,8.31434234336979,1990,24,17.370858648025116
Kickboxer,1989,6.8,1548.0,"Action, Thriller, Drama",97 min,"$1,500,000",97.0,1500000.0,1,1,0,0,1,0,0,0,0,0,0,0,3,7.3453648404168685,1980,9,14.220976332738882
A Knight's Tale,2001,6.9,3318.0,"Adventure, Drama, Romance, Action",133 min,"$65,000,000",133.0,65000000.0,1,1,1,0,0,0,0,0,0,1,0,0,4,8.107418811719974,2000,15,17.989897843244528
Annihilation,2018,6.4,9239.0,"Science Fiction, Horror",115 min,"$40,000,000",115.0,40000000.0,0,0,0,0,0,1,0,0,0,0,1,0,2,9.131297164635729,2010,12,17.50439003707821
Chungking Express,1994,8.0,2130.0,"Drama, Comedy, Romance",103 min,"$160,000",103.0,160000.0,0,1,0,1,0,0,0,0,0,1,0,0,3,7.664346632098617,1990,17,11.982935344196433
Despicable Me 2,2013,6.9,11878.0,"Animation, Comedy, Family",98 min,"$76,000,000",98.0,76000000.0,0,0,0,1,0,0,0,1,0,0,0,1,3,9.38252741428954,2010,15,18.1462439114085
Bridget Jones: Mad About the Boy,2025,6.4,503.0,"Romance, Comedy, Drama",124 min,"$50,000,000",124.0,50000000.0,0,1,0,1,0,0,0,0,0,1,0,0,3,6.222576268071369,2020,32,17.72753358339242
Guardians of the Galaxy,2014,7.9,29421.0,"Action, Science Fiction, Adventure",121 min,"$170,000,000",121.0,170000000.0,1,0,1,0,0,1,0,0,0,0,0,0,3,10.289497972810157,2010,23,18.951309000896888
The Sound of Music,1965,7.7,3572.0,"Drama, Family, Music, Romance",174 min,"$8,200,000",174.0,8200000.0,0,1,0,0,0,0,0,1,0,1,0,0,4,8.181160858023409,1960,18,15.919644834185693
Extraction,2020,7.3,6517.0,"Action, Thriller",116 min,"$65,000,000",116.0,65000000.0,1,0,0,0,1,0,0,0,0,0,0,0,2,8.782322859397507,2020,10,17.989897843244528
Commando,1985,6.7,3070.0,"Action, Adventure, Thriller",90 min,"$10,000,000",90.0,10000000.0,1,0,1,0,1,0,0,0,0,0,0,0,3,8.029758520440822,1980,8,16.118095750958314
Gravity,2013,7.2,16150.0,"Science Fiction, Thriller, Drama",91 min,"$105,000,000",91.0,105000000.0,0,1,0,0,1,1,0,0,0,0,0,0,3,9.689737246238513,2010,7,18.46947091764561
The World Is Not Enough,1999,6.3,3198.0,"Adventure, Action, Thriller",128 min,"$135,000,000",128.0,135000000.0,1,0,1,0,1,0,0,0,0,0,0,0,3,8.070593539949519,1990,23,18.72078534381011
Jupiter Ascending,2015,5.5,7029.0,"Science Fiction, Fantasy, Action",127 min,"$176,000,000",127.0,176000000.0,1,0,0,0,0,1,1,0,0,0,0,0,3,8.857941984804711,2010,17,18.985994558684244
Death Proof,2007,6.8,5535.0,"Action, Thriller",113 min,"$25,000,000",113.0,25000000.0,1,0,0,0,1,0,0,0,0,0,0,0,2,8.619027497297505,2000,11,17.034386422832473
Puss in Boots,2011,6.6,4474.0,"Animation, Family, Fantasy, Adventure, Comedy",90 min,"$130,000,000",90.0,130000000.0,0,0,1,1,0,0,1,1,0,0,0,1,5,8.406261630708956,2010,13,18.683045016112164
Rain Man,1988,7.8,6951.0,Drama,134 min,"$25,000,000",134.0,25000000.0,0,1,0,0,0,0,0,0,0,0,0,0,1,8.846784666945227,1980,8,17.034386422832473
Blink Twice,2024,6.7,1814.0,"Mystery, Thriller",102 min,"$20,000,000",102.0,20000000.0,0,0,0,0,1,0,0,0,0,0,0,0,2,7.503840746698951,2020,11,16.811242881518265
Valerian and the City of a Thousand Planets,2017,6.6,7892.0,"Adventure, Science Fiction, Action",137 min,"$177,200,000",137.0,177200000.0,1,0,1,0,0,1,0,0,0,0,0,0,3,8.973731569708402,2010,43,18.992789601778597
Uncharted,2022,6.9,6648.0,"Action, Adventure",116 min,"$120,000,000",116.0,120000000.0,1,0,1,0,0,0,0,0,0,0,0,0,2,8.802221746402456,2020,9,18.603002309079653
The Black Phone,2022,7.5,5703.0,"Horror, Thriller",103 min,"$16,000,000",103.0,16000000.0,0,0,0,0,1,0,0,0,0,0,1,0,2,8.648922962094131,2020,15,16.588099342704055
Thor: The Dark World,2013,6.5,18151.0,"Action, Adventure, Fantasy",112 min,"$170,000,000",112.0,170000000.0,1,0,1,0,0,0,1,0,0,0,0,0,3,9.806536026459678,2010,20,18.951309000896888
Magnolia,1999,7.7,3924.0,Drama,189 min,"$37,000,000",189.0,37000000.0,0,1,0,0,0,0,0,0,0,0,0,0,1,8.275121630216509,1990,8,17.426428497635523
X-Men: Apocalypse,2016,6.5,13626.0,"Action, Adventure, Science Fiction, Fantasy",144 min,"$178,000,000",144.0,178000000.0,1,0,1,0,0,1,1,0,0,0,0,0,4,9.51980839774982,2010,17,18.997294113874336
Pompeii,2014,5.5,3355.0,"Action, Adventure, History, Romance, Drama",105 min,"$100,000,000",105.0,100000000.0,1,1,1,0,0,0,0,0,0,1,0,0,5,8.118505067587098,2010,7,18.420680753952364
A Dangerous Method,2011,6.4,2196.0,Drama,99 min,"$15,000,000",99.0,15000000.0,0,1,0,0,0,0,0,0,0,0,0,0,1,7.69484807238461,2010,18,16.52356082573315
Police Academy 3: Back in Training,1986,5.8,1338.0,"Comedy, Crime",84 min,"$12,000,000",84.0,12000000.0,0,0,0,1,0,0,0,0,1,0,0,0,2,7.199678345691172,1980,34,16.300417291085605
Dora and the Lost City of Gold,2019,6.6,1804.0,"Family, Comedy, Adventure",102 min,"$49,000,000",102.0,49000000.0,0,0,1,1,0,0,0,1,0,0,0,0,3,7.498315870766981,2010,30,17.707330876483063
Atonement,2007,7.6,4625.0,"Drama, Romance",123 min,"$30,000,000",123.0,30000000.0,0,1,0,0,0,0,0,0,0,1,0,0,2,8.439447842791385,2000,9,17.216707972959764
The Holiday,2006,7.1,5567.0,"Comedy, Romance",136 min,"$85,000,000",136.0,85000000.0,0,0,0,1,0,0,0,0,0,1,0,0,2,8.624791202014256,2000,11,18.258161826219297
Nymphomaniac: Vol. II,2013,6.7,3096.0,"Drama, Mystery",124 min,"$2,350,000",124.0,2350000.0,0,1,0,0,0,0,0,0,0,0,0,0,2,8.038189179973203,2010,21,14.669926311652166
It Chapter Two,2019,6.8,9489.0,"Horror, Thriller, Drama",169 min,"$79,000,000",169.0,79000000.0,0,1,0,0,1,0,0,0,0,0,1,0,3,9.157993891603974,2010,14,18.184958423089522
A Bug's Life,1998,7.0,9637.0,"Family, Animation, Adventure, Comedy",95 min,"$80,000,000",95.0,80000000.0,0,0,1,1,0,0,0,1,0,0,0,1,4,9.173468897200278,1990,12,18.197537205138154
Sweet Smell of Success,1957,7.6,569.0,Drama,97 min,"$3,400,000",97.0,3400000.0,0,1,0,0,0,0,0,0,0,0,0,0,1,6.345636360828596,1950,22,15.039286283703994
Spy,2015,6.8,6334.0,"Action, Comedy, Crime",120 min,"$65,000,000",120.0,65000000.0,1,0,0,1,0,0,0,0,1,0,0,0,3,8.75384509275524,2010,3,17.989897843244528
Men in Black 3,2012,6.5,10860.0,"Action, Comedy, Science Fiction",106 min,"$225,000,000",106.0,225000000.0,1,0,0,1,0,1,0,0,0,0,0,0,3,9.292933670280036,2010,14,19.23161096461314
The Witch,2016,7.0,7541.0,"Horror, Fantasy, Drama",92 min,"$4,000,000",92.0,4000000.0,0,1,0,0,0,0,1,0,0,0,1,0,3,8.928242677818302,2010,9,15.201805169084134
Hotel Transylvania: Transformania,2022,7.0,2981.0,"Animation, Comedy, Family, Adventure, Fantasy",92 min,"$75,000,000",92.0,75000000.0,0,0,1,1,0,0,1,1,0,0,0,1,5,8.000349495324684,2020,33,18.132998684833918
Blame It on Rio,1984,5.7,192.0,"Comedy, Romance",100 min,"$9,000,000",100.0,9000000.0,0,0,0,1,0,0,0,0,0,1,0,0,2,5.262690188904886,1980,15,16.012735246411598
The Muppets,2011,6.7,1661.0,"Family, Comedy",103 min,"$45,000,000",103.0,45000000.0,0,0,0,1,0,0,0,1,0,0,0,0,2,7.415776975415394,2010,11,17.622173069956816
Predators,2010,6.3,4533.0,"Science Fiction, Action, Thriller",107 min,"$40,000,000",107.0,40000000.0,1,0,0,0,1,1,0,0,0,0,0,0,3,8.419359831067474,2010,9,17.50439003707821
Wild Card,2015,5.7,1900.0,"Thriller, Crime, Action",92 min,"$30,000,000",92.0,30000000.0,1,0,0,0,1,0,0,0,1,0,0,0,3,7.550135342488429,2010,9,17.216707972959764
Don't Look Up,2021,7.1,9169.0,"Comedy, Science Fiction, Drama",138 min,"$75,000,000",138.0,75000000.0,0,1,0,1,0,1,0,0,0,0,0,0,3,9.123692565250511,2020,13,18.132998684833918
Are We There Yet?,2005,5.7,1036.0,"Family, Adventure, Comedy, Romance",95 min,"$32,000,000",95.0,32000000.0,0,0,1,1,0,0,0,1,0,1,0,0,4,6.9440872082295275,2000,17,17.281246492014
We Need to Talk About Kevin,2011,7.5,3049.0,"Drama, Thriller",113 min,"$7,000,000",113.0,7000000.0,0,1,0,0,1,0,0,0,0,0,0,0,2,8.022896869601457,2010,27,15.76142084987672
Night at the Museum,2006,6.6,10832.0,"Fantasy, Family, Comedy",108 min,"$110,000,000",108.0,110000000.0,0,0,0,1,0,0,1,1,0,0,0,0,3,9.290352309945568,2000,19,18.5159909328476
(500) Days of Summer,2009,7.3,10886.0,"Comedy, Drama, Romance",95 min,"$7,500,000",95.0,7500000.0,0,1,0,1,0,0,0,0,0,1,0,0,3,9.29532469588118,2000,20,15.830413711839864
Showgirls,1995,5.6,1357.0,Drama,131 min,"$45,000,000",131.0,45000000.0,0,1,0,0,0,0,0,0,0,0,0,0,1,7.213768308118642,1990,9,17.622173069956816
The Conjuring 2,2016,7.3,9066.0,Horror,134 min,"$40,000,000",134.0,40000000.0,0,0,0,0,0,0,0,0,0,0,1,0,1,9.112396727646056,2010,15,17.50439003707821
Silent Hill: Revelation 3D,2012,5.5,1824.0,"Thriller, Horror, Mystery",94 min,"$20,000,000",94.0,20000000.0,0,0,0,0,1,0,0,0,0,0,1,0,3,7.509335266016592,2010,26,16.811242881518265
Green Lantern: First Flight,2009,7.0,485.0,"Action, Adventure, Fantasy, Animation, Science Fiction",75 min,"$3,500,000",75.0,3500000.0,1,0,1,0,0,1,1,0,0,0,0,1,5,6.186208623900494,2000,27,15.068273812173887
Casper,1995,6.3,4874.0,"Fantasy, Comedy, Family",100 min,"$50,000,000",100.0,50000000.0,0,0,0,1,0,0,1,1,0,0,0,0,3,8.491875383431948,1990,6,17.72753358339242
Evil Dead Rise,2023,6.9,3550.0,"Horror, Thriller",96 min,"$15,000,000",96.0,15000000.0,0,0,0,0,1,0,0,0,0,0,1,0,2,8.174984532943087,2020,14,16.52356082573315
Dirty Dancing,1987,7.3,6444.0,"Drama, Music, Romance",100 min,"$6,000,000",100.0,6000000.0,0,1,0,0,0,0,0,0,0,1,0,0,3,8.771059915373288,1980,13,15.607270193858982
Maze Runner: The Death Cure,2018,7.1,8300.0,"Science Fiction, Action, Adventure, Thriller",143 min,"$62,000,000",143.0,62000000.0,1,0,1,0,1,1,0,0,0,0,0,0,4,9.024131268455035,2010,27,17.9426449591384
Wrong Turn 2: Dead End,2007,6.1,1510.0,"Horror, Thriller",97 min,"$4,000,000",97.0,4000000.0,0,0,0,0,1,0,0,0,0,0,1,0,2,7.32052696227274,2000,22,15.201805169084134
Lolita,1962,7.3,2219.0,"Drama, Comedy",154 min,"$2,000,000",154.0,2000000.0,0,1,0,1,0,0,0,0,0,0,0,0,2,7.705262474866325,1960,6,14.508658238524095
Raya and the Last Dragon,2021,7.8,7206.0,"Animation, Family, Fantasy, Action, Adventure",107 min,"$100,000,000",107.0,100000000.0,1,0,1,0,0,0,1,1,0,0,0,1,5,8.88280805492444,2020,24,18.420680753952364
Kantara,2022,7.2,133.0,"Action, Drama, Thriller",147 min,"$1,960,000",147.0,1960000.0,1,1,0,0,1,0,0,0,0,0,0,0,3,4.897839799950911,2020,7,14.488455541410652
Madame Web,2024,5.3,2497.0,"Action, Fantasy",117 min,"$80,000,000",117.0,80000000.0,1,0,0,0,0,0,1,0,0,0,0,0,2,7.823245690685523,2020,10,18.197537205138154
Journey 2: The Mysterious Island,2012,6.1,4463.0,"Adventure, Action, Science Fiction",94 min,"$79,000,000",94.0,79000000.0,1,0,1,0,0,1,0,0,0,0,0,0,3,8.403800504061147,2010,32,18.184958423089522
Maleficent: Mistress of Evil,2019,7.3,6413.0,"Family, Fantasy, Adventure",119 min,"$185,000,000",119.0,185000000.0,0,0,1,0,0,0,1,1,0,0,0,0,3,8.7662383802531,2010,28,19.035866388448003
Captain America: The First Avenger,2011,7.0,22522.0,"Action, Adventure, Science Fiction",124 min,"$140,000,000",124.0,140000000.0,1,0,1,0,0,1,0,0,0,0,0,0,3,10.022292288301378,2010,34,18.757152987716434
Morbius,2022,5.9,4730.0,"Action, Science Fiction, Fantasy",105 min,"$75,000,000",105.0,75000000.0,1,0,0,0,0,1,1,0,0,0,0,0,3,8.461891875631148,2020,7,18.132998684833918
Kill Bill: Vol. 2,2004,7.9,14866.0,"Action, Crime, Thriller",136 min,"$30,000,000",136.0,30000000.0,1,0,0,0,1,0,0,0,1,0,0,0,3,9.60689927061335,2000,17,17.216707972959764
Ben-Hur,1959,7.9,3065.0,"History, Drama, Adventure",212 min,"$15,000,000",212.0,15000000.0,0,1,1,0,0,0,0,0,0,0,0,0,3,8.028129059431759,1950,7,16.52356082573315
The Phoenician Scheme,2025,6.5,831.0,"Comedy, Adventure, Crime",102 min,"$30,000,000",102.0,30000000.0,0,0,1,1,0,0,0,0,1,0,0,0,3,6.723832440821209,2020,21,17.216707972959764
The Twilight Saga: Breaking Dawn - Part 1,2011,6.2,9190.0,"Adventure, Fantasy, Romance",117 min,"$110,000,000",117.0,110000000.0,0,0,1,0,0,0,1,0,0,1,0,0,3,9.12598002335811,2010,41,18.5159909328476
Ralph Breaks the Internet,2018,7.2,8012.0,"Family, Animation, Comedy, Adventure",112 min,"$175,000,000",112.0,175000000.0,0,0,1,1,0,0,0,1,0,0,0,1,4,8.98882050177807,2010,25,18.980296537602072
The Lego Movie,2014,7.4,8335.0,"Animation, Family, Adventure, Comedy, Fantasy",100 min,"$60,000,000",100.0,60000000.0,0,0,1,1,0,0,1,1,0,0,0,1,5,9.028338763993148,2010,14,17.909855136853043
9,2009,6.9,3817.0,"Action, Adventure, Animation, Science Fiction, Thriller",79 min,"$30,000,000",79.0,30000000.0,1,0,1,0,1,1,0,0,0,0,0,1,5,8.247482004285693,2000,1,17.216707972959764
Johnny English,2003,6.3,3719.0,"Adventure, Action, Comedy",87 min,"$40,000,000",87.0,40000000.0,1,0,1,1,0,0,0,0,0,0,0,0,3,8.221478947267192,2000,14,17.50439003707821
Labyrinth,1986,7.3,2689.0,"Adventure, Family, Fantasy",101 min,"$25,000,000",101.0,25000000.0,0,0,1,0,0,0,1,1,0,0,0,0,3,7.897296472595885,1980,9,17.034386422832473
All About Eve,1950,8.1,1668.0,Drama,139 min,"$1,400,000",139.0,1400000.0,0,1,0,0,0,0,0,0,0,0,0,0,1,7.419979923661835,1950,13,14.151983508870947
The Brutalist,2024,7.0,1570.0,Drama,215 min,"$9,600,000",215.0,9600000.0,0,1,0,0,0,0,0,0,0,0,0,0,1,7.359467638255621,2020,13,16.077273760604726
12 Strong,2018,6.3,3152.0,"War, Drama, Action, History",130 min,"$35,000,000",130.0,35000000.0,1,1,0,0,0,0,0,0,0,0,0,0,4,8.056109659545061,2010,9,17.370858648025116
Fantastic Four: Rise of the Silver Surfer,2007,5.6,8314.0,"Science Fiction, Adventure, Action",92 min,"$130,000,000",92.0,130000000.0,1,0,1,0,0,1,0,0,0,0,0,0,3,9.025816391627028,2000,41,18.683045016112164
The Wandering Earth,2019,6.6,1118.0,"Science Fiction, Action, Drama",126 min,"$48,000,000",126.0,48000000.0,1,1,0,0,0,1,0,0,0,0,0,0,3,7.020190708311925,2010,19,17.6867115897055
The Pledge,2001,6.6,1196.0,"Crime, Drama, Mystery, Thriller",124 min,"$35,000,000",124.0,35000000.0,0,1,0,0,1,0,0,0,1,0,0,0,4,7.087573705557973,2000,10,17.370858648025116
Vacation,2015,6.3,3925.0,"Comedy, Adventure",99 min,"$31,000,000",99.0,31000000.0,0,0,1,1,0,0,0,0,0,0,0,0,2,8.275376374836407,2010,8,17.249497794707484
The Father,2020,8.1,3554.0,Drama,97 min,"$6,000,000",97.0,6000000.0,0,1,0,0,0,0,0,0,0,0,0,0,1,8.176110342237342,2020,10,15.607270193858982
Blended,2014,6.9,3749.0,"Comedy, Romance",117 min,"$40,000,000",117.0,40000000.0,0,0,0,1,0,0,0,0,0,1,0,0,2,8.229511118964457,2010,7,17.50439003707821
Hitman,2007,6.2,3599.0,"Action, Thriller, Drama",89 min,"$24,000,000",89.0,24000000.0,1,1,0,0,1,0,0,0,0,0,0,0,3,8.1886891244442,2000,6,16.993564429978885
Dangerous Animals,2025,6.4,484.0,"Horror, Thriller",98 min,"$2,000,000",98.0,2000000.0,0,0,0,0,1,0,0,0,0,0,1,0,2,6.184148890937483,2020,17,14.508658238524095
Blackhat,2015,5.5,2157.0,"Crime, Thriller, Action",133 min,"$70,000,000",133.0,70000000.0,1,0,0,0,1,0,0,0,1,0,0,0,3,7.67693714581808,2010,8,18.064005814299346
Return to Sender,2004,6.3,170.0,Drama,109 min,"$7,800,000",109.0,7800000.0,0,1,0,0,0,0,0,0,0,0,0,0,1,5.14166355650266,2000,16,15.86963441986494
Star Wars: Episode III - Revenge of the Sith,2005,7.5,14732.0,"Adventure, Action, Science Fiction",140 min,"$113,000,000",140.0,113000000.0,1,0,1,0,0,1,0,0,0,0,0,0,3,9.597845154707354,2000,44,18.542898385526172
Bruce Almighty,2003,6.7,11353.0,"Fantasy, Comedy",101 min,"$80,000,000",101.0,80000000.0,0,0,0,1,0,0,1,0,0,0,0,0,2,9.337325383730672,2000,14,18.197537205138154
Clueless,1995,7.3,4734.0,"Comedy, Romance",97 min,"$12,000,000",97.0,12000000.0,0,0,0,1,0,0,0,0,0,1,0,0,2,8.462737005620179,1990,8,16.300417291085605
Ferdinand,2017,7.2,3048.0,"Animation, Family, Adventure, Comedy",108 min,"$111,000,000",108.0,111000000.0,0,0,1,1,0,0,0,1,0,0,0,1,4,8.022568946988255,2010,9,18.525040768285617
Presence,2025,6.1,694.0,"Horror, Thriller, Drama",84 min,"$2,000,000",84.0,2000000.0,0,1,0,0,1,0,0,0,0,0,1,0,3,6.543911845564792,2020,8,14.508658238524095
Wild Things,1998,6.4,1930.0,"Mystery, Thriller, Drama",108 min,"$20,000,000",108.0,20000000.0,0,1,0,0,1,0,0,0,0,0,0,0,3,7.565793282428515,1990,11,16.811242881518265
Us,2019,7.0,7951.0,"Horror, Mystery",116 min,"$20,000,000",116.0,20000000.0,0,0,0,0,0,0,0,0,0,0,1,0,2,8.98117874833641,2010,2,16.811242881518265
Bon Cop Bad Cop,2006,6.5,226.0,"Action, Comedy, Crime",116 min,"$8,000,000",116.0,8000000.0,1,0,0,1,0,0,0,0,1,0,0,0,3,5.424950017481403,2000,15,15.894952224644102
Dances with Wolves,1990,7.8,4608.0,"Adventure, Drama, Western",181 min,"$22,000,000",181.0,22000000.0,0,1,1,0,0,0,0,0,0,0,0,0,3,8.435766192720509,1990,18,16.906553056777135
The Zone of Interest,2023,7.0,2508.0,"Drama, History",105 min,"$15,000,000",105.0,15000000.0,0,1,0,0,0,0,0,0,0,0,0,0,2,7.827639546366422,2020,20,16.52356082573315
Chicken Run,2000,6.8,5349.0,"Animation, Comedy, Family",84 min,"$45,000,000",84.0,45000000.0,0,0,0,1,0,0,0,1,0,0,0,1,3,8.584851839890053,2000,11,17.622173069956816
Scent of a Woman,1992,7.8,3845.0,Drama,156 min,"$31,000,000",156.0,31000000.0,0,1,0,0,0,0,0,0,0,0,0,0,1,8.254788926148725,1990,16,17.249497794707484
The Impossible,2012,7.4,6593.0,"Drama, Thriller, History",113 min,"$45,000,000",113.0,45000000.0,0,1,0,0,1,0,0,0,0,0,0,0,3,8.793915423631676,2010,14,17.622173069956816
Cloudy with a Chance of Meatballs,2009,6.7,6366.0,"Animation, Comedy, Family",90 min,"$100,000,000",90.0,100000000.0,0,0,0,1,0,0,0,1,0,0,0,1,3,8.758883680017025,2000,33,18.420680753952364
Mission: Impossible - Rogue Nation,2015,7.2,9579.0,"Action, Adventure",131 min,"$150,000,000",131.0,150000000.0,1,0,1,0,0,0,0,0,0,0,0,0,2,9.167432870964907,2010,34,18.826145858727198
127 Hours,2010,7.1,7983.0,"Adventure, Drama, Thriller",94 min,"$18,000,000",94.0,18000000.0,0,1,1,0,1,0,0,0,0,0,0,0,3,8.9851948179913,2010,9,16.705882371415992
Monty Python and the Holy Grail,1975,7.8,6298.0,"Adventure, Comedy, Fantasy",91 min,"$400,000",91.0,400000.0,0,0,1,1,0,0,1,0,0,0,0,0,3,8.74814616962193,1970,31,12.899222326086994
Days of Thunder,1990,6.3,1651.0,"Adventure, Action, Drama",107 min,"$60,000,000",107.0,60000000.0,1,1,1,0,0,0,0,0,0,0,0,0,3,7.409741954080923,1990,15,17.909855136853043
Alice in Wonderland,1951,7.2,6210.0,"Animation, Family, Fantasy, Adventure",75 min,"$3,000,000",75.0,3000000.0,0,0,1,0,0,0,1,1,0,0,0,1,4,8.734077192559303,1950,19,14.914123179965662
Ice Age: Continental Drift,2012,6.4,8018.0,"Animation, Comedy, Adventure, Family",88 min,"$95,000,000",88.0,95000000.0,0,0,1,1,0,0,0,1,0,0,0,1,4,8.989569004807029,2010,26,18.36938746009113
Open Season,2006,6.2,2945.0,"Animation, Family, Adventure, Comedy",86 min,"$85,000,000",86.0,85000000.0,0,0,1,1,0,0,0,1,0,0,0,1,4,7.988203597022576,2000,11,18.258161826219297
The Karate Kid,2010,6.6,6469.0,"Action, Adventure, Drama, Family",140 min,"$40,000,000",140.0,40000000.0,1,1,1,0,0,0,0,1,0,0,0,0,4,8.774931387494947,2010,14,17.50439003707821
Star Trek,2009,7.4,10360.0,"Science Fiction, Action, Adventure",127 min,"$150,000,000",127.0,150000000.0,1,0,1,0,0,1,0,0,0,0,0,0,3,9.245804036251752,2000,9,18.826145858727198
Police Story,1985,7.5,1011.0,"Action, Crime, Comedy",100 min,"$500,000",100.0,500000.0,1,0,0,1,0,0,0,0,1,0,0,0,3,6.919683849847411,1980,12,13.122365377402328
Ghost Rider,2007,5.6,6359.0,"Thriller, Action, Fantasy",114 min,"$110,000,000",114.0,110000000.0,1,0,0,0,1,0,1,0,0,0,0,0,3,8.757783656334167,2000,11,18.5159909328476
The A-Team,2010,6.4,4932.0,"Action, Comedy, Crime",117 min,"$110,000,000",117.0,110000000.0,1,0,0,1,0,0,0,0,1,0,0,0,3,8.503702601233739,2010,10,18.5159909328476
Point Break,1991,7.2,3897.0,"Action, Thriller, Crime",122 min,"$24,000,000",122.0,24000000.0,1,0,0,0,1,0,0,0,1,0,0,0,3,8.268218880067506,1990,11,16.993564429978885
13 Hours: The Secret Soldiers of Benghazi,2016,7.3,3878.0,"War, Action, History, Drama, Thriller",144 min,"$50,000,000",144.0,50000000.0,1,1,0,0,1,0,0,0,0,0,0,0,5,8.263332667439967,2010,41,17.72753358339242
Reflections in a Golden Eye,1967,6.4,137.0,"Drama, Romance, Thriller",108 min,"$4,500,000",108.0,4500000.0,0,1,0,0,1,0,0,0,0,1,0,0,3,4.927253685157205,1960,27,15.319588176962746
The Fall of the Roman Empire,1964,6.5,219.0,"Drama, History, War",188 min,"$19,000,000",188.0,19000000.0,0,1,0,0,0,0,0,0,0,0,0,0,3,5.393627546352362,1960,28,16.759949589762293
Night at the Museum: Secret of the Tomb,2014,6.2,6171.0,"Adventure, Comedy, Fantasy, Family",98 min,"$127,000,000",98.0,127000000.0,0,0,1,1,0,0,1,1,0,0,0,0,4,8.72777821348305,2010,39,18.65969765229688
Exodus: Gods and Kings,2014,5.9,4793.0,"Adventure, Drama, Action",150 min,"$140,000,000",150.0,140000000.0,1,1,1,0,0,0,0,0,0,0,0,0,3,8.475120414994329,2010,22,18.757152987716434
Mirror,1975,8.0,1071.0,"Drama, History",107 min,"$825,000",107.0,825000.0,0,1,0,0,0,0,0,0,0,0,0,0,2,6.977281341630747,1970,6,13.623139877437296
After We Fell,2021,7.0,2705.0,"Romance, Drama",99 min,"$14,000,000",99.0,14000000.0,0,1,0,0,0,0,0,0,0,1,0,0,2,7.903226808730733,2020,13,16.454567959008102
Mortal Kombat,2021,7.0,6221.0,"Action, Fantasy, Adventure",110 min,"$20,000,000",110.0,20000000.0,1,0,1,0,0,0,1,0,0,0,0,0,3,8.735846677457582,2020,13,16.811242881518265
Spaceballs,1987,6.9,3322.0,"Comedy, Science Fiction",96 min,"$22,700,000",96.0,22700000.0,0,0,0,1,0,1,0,0,0,0,0,0,2,8.108623268354595,1980,10,16.937875526504495
Ex Machina,2015,7.6,14082.0,"Drama, Science Fiction",108 min,"$15,000,000",108.0,15000000.0,0,1,0,0,0,1,0,0,0,0,0,0,2,9.55272367519805,2010,10,16.52356082573315
Fantastic Beasts and Where to Find Them,2016,7.3,19558.0,"Fantasy, Adventure",133 min,"$180,000,000",133.0,180000000.0,0,0,1,0,0,0,1,0,0,0,0,0,2,9.881190817537517,2010,39,19.00846741441004
Blue Streak,1999,6.5,1597.0,"Action, Comedy, Crime",93 min,"$65,000,000",93.0,65000000.0,1,0,0,1,0,0,0,0,1,0,0,0,3,7.37650812632622,1990,11,17.989897843244528
Priest,2011,5.9,2476.0,"Action, Fantasy, Horror",87 min,"$60,000,000",87.0,60000000.0,1,0,0,0,0,0,1,0,0,0,1,0,3,7.814803429489359,2010,6,17.909855136853043
Wedding Crashers,2005,6.5,4641.0,"Comedy, Romance",119 min,"$40,000,000",119.0,40000000.0,0,0,0,1,0,0,0,0,0,1,0,0,2,8.442900586834382,2000,16,17.50439003707821
District 9,2009,7.5,10179.0,Science Fiction,112 min,"$30,000,000",112.0,30000000.0,0,0,0,0,0,1,0,0,0,0,0,0,1,9.228180290104513,2000,10,17.216707972959764
What Happened to Monday,2017,7.1,6375.0,"Science Fiction, Thriller, Mystery, Action",123 min,"$20,000,000",123.0,20000000.0,1,0,0,0,1,1,0,0,0,0,0,0,4,8.760296220470051,2010,23,16.811242881518265
The Man from Toronto,2022,6.4,495.0,"Action, Adventure, Comedy",113 min,"$75,000,000",113.0,75000000.0,1,0,1,1,0,0,0,0,0,0,0,0,3,6.206575926724928,2020,20,18.132998684833918
Life as a House,2001,7.1,443.0,Drama,125 min,"$18,000,000",125.0,18000000.0,0,1,0,0,0,0,0,0,0,0,0,0,1,6.095824562432225,2000,15,16.705882371415992
Trolls,2016,6.6,3775.0,"Family, Animation, Fantasy, Adventure, Comedy, Music",92 min,"$125,000,000",92.0,125000000.0,0,0,1,1,0,0,1,1,0,0,0,1,6,8.236420527265391,2010,6,18.643824303266577
Die Another Day,2002,6.0,3818.0,"Adventure, Action, Thriller",133 min,"$142,000,000",133.0,142000000.0,1,0,1,0,1,0,0,0,0,0,0,0,3,8.247743887225516,2000,15,18.77133762260779
The Great Gatsby,2013,7.4,12835.0,"Drama, Romance",143 min,"$105,000,000",143.0,105000000.0,0,1,0,0,0,0,0,0,0,1,0,0,2,9.460009002229748,2010,16,18.46947091764561
Madagascar 3: Europe's Most Wanted,2012,6.6,6492.0,"Animation, Family, Comedy, Adventure",93 min,"$145,000,000",93.0,145000000.0,0,0,1,1,0,0,0,1,0,0,0,1,4,8.778479952508487,2010,34,18.7922443072814
Jumanji: The Next Level,2019,6.9,9235.0,"Adventure, Comedy, Fantasy",123 min,"$125,000,000",123.0,125000000.0,0,0,1,1,0,0,1,0,0,0,0,0,3,9.130864170474386,2010,23,18.643824303266577
Kung Fu Panda 2,2011,7.1,7763.0,"Animation, Family, Comedy",91 min,"$150,000,000",91.0,150000000.0,0,0,0,1,0,0,0,1,0,0,0,1,3,8.957252944288902,2010,15,18.826145858727198
Dungeons & Dragons: Honor Among Thieves,2023,7.3,4433.0,"Adventure, Fantasy, Comedy",134 min,"$151,000,000",134.0,151000000.0,0,0,1,1,0,0,1,0,0,0,0,0,3,8.397057390176256,2020,39,18.832790401401716
The Chorus,2004,7.7,2579.0,"Drama, Comedy, Music",97 min,"$5,300,000",97.0,5300000.0,0,1,0,1,0,0,0,0,0,0,0,0,3,7.855544677915663,2000,10,15.483217567201578
The Irishman,2019,7.6,7391.0,"Crime, Drama, History",209 min,"$159,000,000",209.0,159000000.0,0,1,0,0,0,0,0,0,1,0,0,0,3,8.90815361332152,2010,12,18.884414766473814
Happy Gilmore,1996,6.7,3258.0,Comedy,92 min,"$12,000,000",92.0,12000000.0,0,0,0,1,0,0,0,0,0,0,0,0,1,8.089175678837561,1990,13,16.300417291085605
Evangelion: 2.0 You Can (Not) Advance,2009,7.8,977.0,"Animation, Science Fiction, Action, Drama",112 min,"$10,000,000",112.0,10000000.0,1,1,0,0,0,1,0,0,0,0,0,1,4,6.885509670034818,2000,37,16.118095750958314
Scott Pilgrim vs. the World,2010,7.5,8442.0,"Action, Comedy, Romance",113 min,"$73,000,000",113.0,73000000.0,1,0,0,1,0,0,0,0,0,1,0,0,3,9.0410929746695,2010,27,18.105970012811294
The Fugitive,1993,7.5,4693.0,"Action, Thriller, Drama",131 min,"$44,000,000",131.0,44000000.0,1,1,0,0,1,0,0,0,0,0,0,0,3,8.454040376410969,1990,12,17.599700214609808
Return to Sleepaway Camp,2008,5.7,338.0,"Horror, Comedy",86 min,"$4,000,000",86.0,4000000.0,0,0,0,1,0,0,0,0,0,0,1,0,2,5.82600010738045,2000,24,15.201805169084134
Domino,2019,4.6,294.0,"Crime, Thriller",89 min,"$7,800,000",89.0,7800000.0,0,0,0,0,1,0,0,0,1,0,0,0,2,5.68697535633982,2010,6,15.86963441986494
Epic,2013,6.5,2890.0,"Animation, Adventure, Family, Fantasy",102 min,"$100,000,000",102.0,100000000.0,0,0,1,0,0,0,1,1,0,0,0,1,4,7.969357742016346,2010,4,18.420680753952364
Almost Famous,2000,7.5,3043.0,"Drama, Music",124 min,"$60,000,000",124.0,60000000.0,0,1,0,0,0,0,0,0,0,0,0,0,2,8.020927718981577,2000,13,17.909855136853043
The Toxic Avenger Part III: The Last Temptation of Toxie,1989,4.9,147.0,"Action, Comedy, Horror, Science Fiction",102 min,"$500,000",102.0,500000.0,1,0,0,1,0,1,0,0,0,0,1,0,4,4.997212273764115,1980,56,13.122365377402328
Hulk,2003,5.6,6193.0,"Science Fiction, Adventure, Action",138 min,"$137,000,000",138.0,137000000.0,1,0,1,0,0,1,0,0,0,0,0,0,3,8.731336360533149,2000,4,18.73549149109167
Mary Poppins,1964,7.5,4950.0,"Comedy, Family, Fantasy",139 min,"$4,650,000",139.0,4650000.0,0,0,0,1,0,0,1,1,0,0,0,0,3,8.507344855361422,1960,12,15.35237799261728
Just Go with It,2011,6.7,6044.0,"Comedy, Romance",117 min,"$80,000,000",117.0,80000000.0,0,0,0,1,0,0,0,0,0,1,0,0,2,8.706986763048892,2010,15,18.197537205138154
Old,2021,6.3,4796.0,"Thriller, Mystery, Horror",108 min,"$18,000,000",108.0,18000000.0,0,0,0,0,1,0,0,0,0,0,1,0,3,8.475746001502063,2020,3,16.705882371415992
Traffic,2000,7.1,2354.0,"Thriller, Drama, Crime",147 min,"$48,000,000",147.0,48000000.0,0,1,0,0,1,0,0,0,1,0,0,0,3,7.764296006450518,2000,7,17.6867115897055
The Sandlot,1993,7.5,1291.0,"Family, Comedy, Drama",101 min,"$7,000,000",101.0,7000000.0,0,1,0,1,0,0,0,1,0,0,0,0,3,7.163946684342547,1990,11,15.76142084987672
Dear John,2010,6.8,4255.0,"Drama, Romance, War",108 min,"$25,000,000",108.0,25000000.0,0,1,0,0,0,0,0,0,0,1,0,0,3,8.35608503102148,2010,9,17.034386422832473
Miss Peregrine's Home for Peculiar Children,2016,6.8,10400.0,"Fantasy, Adventure, Drama, Family",127 min,"$110,000,000",127.0,110000000.0,0,1,1,0,0,0,1,1,0,0,0,0,4,9.249657234353133,2010,43,18.5159909328476
Haywire,2011,5.7,1463.0,"Action, Thriller",93 min,"$23,000,000",93.0,23000000.0,1,0,0,0,1,0,0,0,0,0,0,0,2,7.288927694521257,2010,7,16.951004817371683
All About Lily Chou-Chou,2001,7.4,279.0,"Drama, Crime",146 min,"$1,250,000",146.0,1250000.0,0,1,0,0,0,0,0,0,1,0,0,0,2,5.634789603169249,2000,24,14.038654909278163
Inkheart,2008,6.3,2214.0,"Adventure, Family, Fantasy",106 min,"$60,000,000",106.0,60000000.0,0,0,1,0,0,0,1,1,0,0,0,0,3,7.703007682479236,2000,8,17.909855136853043
Venom: Let There Be Carnage,2021,6.8,11048.0,"Science Fiction, Action, Adventure",97 min,"$110,000,000",97.0,110000000.0,1,0,1,0,0,1,0,0,0,0,0,0,3,9.310095205113175,2020,27,18.5159909328476
The Count of Monte Cristo,2024,7.9,1966.0,"Adventure, Action, Drama",178 min,"$46,000,000",178.0,46000000.0,1,1,1,0,0,0,0,0,0,0,0,0,3,7.584264818389059,2020,25,17.6441519761925
The Aristocats,1970,7.3,5312.0,"Animation, Comedy, Family, Adventure",78 min,"$4,000,000",78.0,4000000.0,0,0,1,1,0,0,0,1,0,0,0,1,4,8.577911926450943,1970,14,15.201805169084134
A Haunted House,2013,5.9,2021.0,"Comedy, Horror",86 min,"$2,500,000",86.0,2500000.0,0,0,0,1,0,0,0,0,0,0,1,0,2,7.611842399580417,2010,15,14.731801689838349
Gangs of New York,2002,7.3,7107.0,"Drama, History, Crime",168 min,"$100,000,000",168.0,100000000.0,0,1,0,0,0,0,0,0,1,0,0,0,3,8.868976189274543,2000,17,18.420680753952364
Deep Impact,1998,6.2,3246.0,"Action, Drama, Science Fiction",121 min,"$75,000,000",121.0,75000000.0,1,1,0,0,0,1,0,0,0,0,0,0,3,8.085486772102845,1990,11,18.132998684833918
Clash of the Titans,2010,5.9,6604.0,"Adventure, Fantasy, Action",106 min,"$125,000,000",106.0,125000000.0,1,0,1,0,0,0,1,0,0,0,0,0,3,8.795582216956426,2010,19,18.643824303266577
The Bourne Ultimatum,2007,7.4,8235.0,"Action, Drama, Mystery, Thriller",115 min,"$70,000,000",115.0,70000000.0,1,1,0,0,1,0,0,0,0,0,0,0,4,9.01627006814768,2000,20,18.064005814299346
Alien³,1992,6.4,6257.0,"Science Fiction, Action, Horror",114 min,"$50,000,000",114.0,50000000.0,1,0,0,0,0,1,0,0,0,0,1,0,3,8.741615924228828,1990,6,17.72753358339242
S.W.A.T.,2003,6.2,2660.0,"Action, Thriller, Crime",117 min,"$80,000,000",117.0,80000000.0,1,0,0,0,1,0,0,0,1,0,0,0,3,7.886457270977689,2000,8,18.197537205138154
Stronger Than The World,2016,6.5,125.0,"Drama, Action",107 min,"$1,842,300",107.0,1842300.0,1,1,0,0,0,0,0,0,0,0,0,0,2,4.836281906951478,2010,23,14.426525891785214
The Nightmare Before Christmas,1993,7.8,10219.0,"Fantasy, Animation, Family",76 min,"$18,000,000",76.0,18000000.0,0,0,0,0,0,0,1,1,0,0,0,1,3,9.232101863757695,1990,30,16.705882371415992
The Ax,2005,6.9,214.0,"Comedy, Crime, Drama, Thriller",118 min,"$5,400,000",118.0,5400000.0,0,1,0,1,1,0,0,0,1,0,0,0,4,5.3706380281276624,2000,6,15.501909696719672
The Mermaid,2016,6.5,479.0,"Comedy, Fantasy, Romance",94 min,"$60,720,000",94.0,60720000.0,0,0,0,1,0,0,1,0,0,1,0,0,3,6.173786103901937,2010,11,17.921783707520685
Batman Forever,1995,5.5,5513.0,"Action, Crime, Fantasy",121 min,"$100,000,000",121.0,100000000.0,1,0,0,0,0,0,1,0,1,0,0,0,3,8.615045591583742,1990,14,18.420680753952364
The Family,2013,6.4,3075.0,"Crime, Comedy, Action",111 min,"$30,000,000",111.0,30000000.0,1,0,0,1,0,0,0,0,1,0,0,0,3,8.031385330625534,2010,10,17.216707972959764
King Richard,2021,7.6,2794.0,"Drama, History",144 min,"$50,000,000",144.0,50000000.0,0,1,0,0,0,0,0,0,0,0,0,0,2,7.9355873855892,2020,12,17.72753358339242
The Myth,2005,6.4,411.0,"Action, Adventure, Comedy, Drama, Fantasy",118 min,"$15,000,000",118.0,15000000.0,1,1,1,1,0,0,1,0,0,0,0,0,5,6.021023349349527,2000,8,16.52356082573315
G.I. Joe: Retaliation,2013,5.7,5715.0,"Action, Science Fiction, Adventure, Thriller",110 min,"$130,000,000",110.0,130000000.0,1,0,1,0,1,1,0,0,0,0,0,0,4,8.651024539049757,2010,21,18.683045016112164
Mechanic: Resurrection,2016,6.0,3593.0,"Action, Crime, Thriller",99 min,"$40,000,000",99.0,40000000.0,1,0,0,0,1,0,0,0,1,0,0,0,3,8.187021067343505,2010,22,17.50439003707821
20th Century Girl,2022,8.1,795.0,"Romance, Drama",119 min,$119,119.0,119.0,0,1,0,0,0,0,0,0,0,1,0,0,2,6.679599185844383,2020,17,4.787491742782046
Saw,2004,7.4,9906.0,"Horror, Mystery, Crime",103 min,"$1,200,000",103.0,1200000.0,0,0,0,0,0,0,0,0,1,0,1,0,3,9.20099685697303,2000,3,13.997832948091215
True Grit,2010,7.3,5663.0,"Drama, Adventure, Western",110 min,"$38,000,000",110.0,38000000.0,0,1,1,0,0,0,0,0,0,0,0,0,3,8.641885635373555,2010,9,17.453096744006448
Life of Pi,2012,7.4,13641.0,"Adventure, Drama",127 min,"$120,000,000",127.0,120000000.0,0,1,1,0,0,0,0,0,0,0,0,0,2,9.520908548214665,2010,10,18.603002309079653
Due Date,2010,6.4,5729.0,"Comedy, Drama",95 min,"$65,000,000",95.0,65000000.0,0,1,0,1,0,0,0,0,0,0,0,0,2,8.653470809708786,2010,8,17.989897843244528
Flightplan,2005,6.4,2910.0,"Thriller, Drama, Mystery",98 min,"$55,000,000",98.0,55000000.0,0,1,0,0,1,0,0,0,0,0,0,0,3,7.976251943745623,2000,10,17.822843761378564
Chernobyl: Abyss,2021,6.2,557.0,"Drama, History, Adventure, Action, Fantasy, Mystery",136 min,"$9,100,000",136.0,9100000.0,1,1,1,0,0,0,1,0,0,0,0,0,6,6.324358962381311,2020,16,16.02378508137718
The Twilight Saga: Breaking Dawn - Part 2,2012,6.5,9302.0,"Adventure, Fantasy, Drama, Romance",115 min,"$120,000,000",115.0,120000000.0,0,1,1,0,0,0,1,0,0,1,0,0,4,9.138092207768558,2010,41,18.603002309079653
Pokémon the Movie 2000,1999,6.7,921.0,"Adventure, Fantasy, Animation, Science Fiction, Family",84 min,"$30,000,000",84.0,30000000.0,0,0,1,0,0,1,1,1,0,0,0,1,5,6.826545223556594,1990,22,17.216707972959764
Hachi: A Dog's Tale,2009,8.0,7079.0,"Drama, Family",93 min,"$16,000,000",93.0,16000000.0,0,1,0,0,0,0,0,1,0,0,0,0,2,8.865029186687766,2000,19,16.588099342704055
Four Brothers,2005,6.8,2338.0,"Action, Crime",109 min,"$45,000,000",109.0,45000000.0,1,0,0,0,0,0,0,0,1,0,0,0,2,7.757478766584179,2000,13,17.622173069956816
Trainspotting,1996,8.0,10264.0,"Drama, Crime",94 min,"$4,000,000",94.0,4000000.0,0,1,0,0,0,0,0,0,1,0,0,0,2,9.236495329453033,1990,13,15.201805169084134
Mr. & Mrs. Smith,2005,6.7,11076.0,"Action, Comedy, Drama, Thriller",120 min,"$110,000,000",120.0,110000000.0,1,1,0,1,1,0,0,0,0,0,0,0,4,9.312626165516933,2000,16,18.5159909328476
Planet of the Apes,1968,7.6,3869.0,"Science Fiction, Adventure, Drama, Action",112 min,"$5,800,000",112.0,5800000.0,1,1,1,0,0,1,0,0,0,0,0,0,4,8.261009786023827,1960,18,15.573368647930426
The Three Musketeers: D'Artagnan,2023,6.9,1370.0,"Adventure, Action, Drama, History",121 min,"$27,500,000",121.0,27500000.0,1,1,1,0,0,0,0,0,0,0,0,0,4,7.223295679562314,2020,32,17.129696599000436
